duration_ms,popularity,danceability,energy,loudness,speechiness,acousticness,instrumentalness,liveness,valence,tempo,album.release_year,artist.popularity,artist.number_of_followers
220173,37,0.166,0.525,-5.913,0.0329,0.549,0.02,0.161,0.1,175.952,2010,75,2681980
208747,0,0.378,0.392,-10.53,0.032,0.117,0.052,0.0652,0.242,134.023,2013,0,36
362866,0,0.524,0.299,-13.617,0.0337,0.621,0.102,0.0706,0.316,91.968,1960,65,1480095
170840,0,0.252,0.851,-5.816,0.0394,0.000935,0.00156,0.113,0.786,179.737,2010,0,1738944
292247,0,0.45,0.562,-9.104,0.0486,0.801,0.62,0.204,0.618,133.768,2018,6,379
299853,0,0.585,0.134,-14.383,0.0644,0.969,0.212,0.12,0.559,86.909,2014,21,1719
226333,3,0.403,0.388,-12.127,0.047,0.368,0.627,0.258,0.476,84.642,2010,22,5145
186421,0,0.568,0.404,-8.57,0.0328,0.691,0.000316,0.342,0.431,116.987,2013,0,36
432960,0,0.509,0.317,-13.881,0.0391,0.667,0.000106,0.0983,0.598,134.343,1959,35,34396
357600,1,0.423,0.105,-14.062,0.0388,0.938,0.381,0.139,0.178,129.968,2014,21,1719
432800,16,0.263,0.235,-13.069,0.0333,0.873,0.899,0.116,0.113,171.874,1999,0,1738944
434506,0,0.535,0.58,-9.679,0.0456,0.823,0.291,0.0982,0.848,133.715,2010,10,1412
173866,0,0.534,0.495,-9.53,0.0619,0.573,0.268,0.115,0.53,150.372,2002,53,540626
132963,0,0.5,0.379,-13.393,0.452,0.986,0.62,0.686,0.597,79.158,2015,35,9673
217533,47,0.656,0.721,-3.981,0.0477,0.393,0,0.124,0.74,98.019,2020,76,7967911
181546,29,0.492,0.662,-6.15,0.0568,0.02,9.55e-06,0.757,0.149,128.723,2010,57,714382
236266,0,0.595,0.747,-8.172,0.0328,0.307,1.69e-05,0.19,0.33,97.106,2001,63,261659
175040,39,0.637,0.717,-7.643,0.143,0.185,0.494,0.141,0.541,80.929,2010,57,714382
270493,19,0.555,0.447,-6.887,0.0293,0.944,0.827,0.0962,0.186,77.019,2015,38,36295
643773,7,0.37,0.257,-15.785,0.0434,0.992,0.881,0.15,0.163,117.067,2012,51,313664
185319,0,0.401,0.319,-8.237,0.0305,0.92,0.00289,0.0914,0.319,123.501,2015,53,540626
206357,67,0.645,0.884,-2.801,0.0968,0.112,0,0.179,0.708,171.93,2015,76,7967911
356760,14,0.354,0.658,-7.711,0.0375,0.053,0.764,0.69,0.207,73.46,2017,30,25392
274933,0,0.458,0.835,-6.786,0.0714,0.131,0,0.123,0.438,98.393,2001,63,261659
364770,30,0.607,0.844,-10.726,0.0605,0.0678,0.891,0.133,0.26,160.03,2018,65,1009799
388400,0,0.469,0.124,-24.361,0.0486,0.164,0.884,0.0988,0.0328,136.59,1991,42,157593
258705,0,0.433,0.872,-3.843,0.0426,0.0306,0.0124,0.193,0.243,105.216,2013,51,173496
185759,0,0.518,0.389,-9.185,0.0362,0.495,0.216,0.747,0.477,112.861,2010,0,1738944
297533,34,0.393,0.147,-13.093,0.0418,0.869,0.0411,0.0938,0.205,175.541,1962,59,192779
376400,15,0.325,0.517,-11.07,0.0466,0.777,0.873,0.695,0.205,70.902,2017,30,25392
281826,67,0.587,0.63,-6.054,0.0311,0.0389,0,0.35,0.433,76.97,2016,89,45443239
235386,59,0.761,0.637,-8.169,0.0268,0.439,0.0082,0.102,0.656,125.115,2010,75,2681980
282586,3,0.57,0.904,-6.131,0.287,0.0233,0.158,0.163,0.534,130.115,2010,11,3063
60426,0,0.552,0.33,-9.532,0.0355,0.892,0.406,0.0984,0.123,131.418,2010,0,1738944
692973,48,0.487,0.24,-14.657,0.0306,0.764,0.0025,0.103,0.362,140.033,1959,63,2347037
212914,18,0.396,0.97,-3.047,0.452,0.00177,0.00128,0.118,0.398,174.895,2013,37,88698
581333,2,0.606,0.394,-10.068,0.0436,0.778,0.913,0.134,0.6,100.228,2015,26,2980
168541,12,0.687,0.992,-4.521,0.0818,0.0153,0.324,0.0578,0.525,143.944,2011,37,88698
249503,27,0.498,0.875,-7.595,0.0924,0.000167,0.916,0.305,0.391,144.956,2018,19,4978
219626,44,0.565,0.763,-7.043,0.0584,0.27,0.0087,0.299,0.283,139.995,2007,75,2681980
258266,0,0.303,0.0141,-19.759,0.0418,0.948,0.0944,0.0792,0.157,171.439,1960,65,1480095
354360,0,0.633,0.831,-5.053,0.0461,0.0401,0.693,0.117,0.243,127.397,2007,57,591926
262733,17,0.635,0.228,-16.98,0.0516,0.903,0.58,0.143,0.349,149.692,1959,56,236687
374906,35,0.442,0.141,-15.784,0.0333,0.96,0.827,0.109,0.269,105.141,2007,47,126668
221093,33,0.584,0.513,-7.637,0.0301,0.00343,0.000251,0.111,0.193,152.061,2009,62,482388
115560,1,0.563,0.641,-7.845,0.0506,0.895,0.686,0.0986,0.256,107.949,2010,11,3063
191538,16,0.156,0.121,-18.918,0.0319,0.914,0.805,0.0885,0.0398,79.615,2011,37,88698
211038,0,0.47,0.949,-3.112,0.101,0.00116,0.704,0.0545,0.181,126.174,2013,51,173496
250080,61,0.662,0.705,-6.56,0.0399,0.0392,2.38e-06,0.105,0.865,159.996,2016,89,45443239
369400,0,0.558,0.3,-11.993,0.0468,0.883,0.491,0.312,0.543,142.333,1999,0,20
277760,17,0.521,0.482,-11.551,0.0353,0.106,0,0.0855,0.611,105.959,2018,65,1480095
515640,1,0.527,0.117,-14.866,0.0362,0.954,0.294,0.0882,0.112,113.164,2014,21,1719
104661,36,0.303,0.959,-5.385,0.224,0.0102,0,0.391,0.0634,116.586,2018,60,747307
329053,15,0.396,0.751,-11.373,0.0344,0.56,0.91,0.72,0.718,133.182,2017,30,25392
149340,23,0.799,0.415,-10.49,0.132,0.0781,0.000657,0.123,0.765,91.016,2015,52,190966
541000,0,0.592,0.17,-15.842,0.0511,0.856,0.0033,0.158,0.57,116.033,2008,0,314
363573,24,0.576,0.422,-11.277,0.0594,0.185,0.244,0.264,0.57,115.478,1959,35,114067
245800,0,0.533,0.98,-0.191,0.101,0.0443,0.699,0.673,0.593,174.009,2008,37,98895
110306,0,0.731,0.797,-8.062,0.0683,0.0119,0.647,0.477,0.781,162.703,2010,0,1738944
277146,20,0.336,0.383,-13.642,0.0316,0.611,1.76e-06,0.141,0.701,185.535,2018,65,1480095
188213,0,0.496,0.868,-3.85,0.106,0.0119,0,0.0458,0.7,80.905,2010,54,123161
404914,0,0.645,0.423,-10.797,0.0366,0.778,0.858,0.0886,0.412,98.81,2018,6,379
224778,17,0.519,0.533,-11.267,0.0563,0.268,0.858,0.112,0.398,71.944,2019,30,27344
321466,14,0.38,0.348,-15.177,0.0287,0.737,0.0333,0.124,0.259,136.51,1962,65,1480095
245746,7,0.515,0.567,-11.503,0.254,0.252,0.893,0.109,0.501,130.001,2012,41,49926
178946,0,0.685,0.846,-4.816,0.0294,0.337,9.94e-05,0.144,0.92,83.942,2009,65,1348978
284081,0,0.524,0.435,-11.226,0.0356,0.819,0.0538,0.284,0.715,101.224,1991,10,1884
197032,12,0.438,0.856,-6.137,0.421,0.0154,0.000747,0.128,0.383,154.914,2013,37,88698
207546,0,0.431,0.287,-10.675,0.0335,0.965,0.273,0.14,0.603,125.887,2015,53,540626
172040,0,0.521,0.189,-12.234,0.0634,0.938,1.58e-05,0.0957,0.587,169.18,2019,14,223
211239,0,0.485,0.967,-3.845,0.0691,0.000641,0.401,0.441,0.333,100.253,2013,51,173496
292360,0,0.418,0.841,-6.456,0.0534,0.0241,0.000346,0.0883,0.105,134.383,2007,57,591926
337160,49,0.355,0.0326,-21.053,0.0383,0.795,0.00162,0.109,0.145,170.272,1959,63,2347037
377533,0,0.483,0.565,-8.346,0.0567,0.365,0.709,0.298,0.623,143.639,2003,26,2980
361066,0,0.39,0.934,-4.441,0.139,0.00459,0.00387,0.114,0.318,131.433,2007,57,591926
294876,0,0.331,0.116,-23.974,0.112,0.864,0.726,0.687,0.325,66.393,2015,35,9673
380546,47,0.513,0.467,-8.305,0.0295,0.367,0.000542,0.319,0.31,145.027,2011,65,1348978
578400,0,0.611,0.962,-3.129,0.284,0.169,0.831,0.0983,0.0673,160.03,2008,37,98895
425626,0,0.597,0.197,-16.144,0.0516,0.676,0.0168,0.128,0.41,93.371,1960,65,1480095
175720,0,0.476,0.977,-3.573,0.159,0.0207,0,0.117,0.145,151.931,2010,0,1738944
323160,0,0.631,0.177,-14.557,0.0507,0.963,0.787,0.107,0.463,124.477,1999,0,20
187186,13,0.739,0.661,-9.685,0.117,0.463,0.000249,0.0598,0.771,104.999,2015,38,36295
341213,0,0.456,0.369,-14.078,0.0401,0.71,1.9e-06,0.296,0.613,111.717,2018,65,1480095
149062,47,0.594,0.77,-6.79,0.183,0.000138,0.512,0.315,0.532,127.911,2015,52,190966
856087,0,0.379,0.226,-14.816,0.323,0.983,0.451,0.9,0.26,81.704,2015,35,9673
286720,50,0.598,0.899,-3.861,0.0424,0.0218,0.0137,0.0814,0.403,124.061,2007,75,2681980
235280,60,0.618,0.736,-3.937,0.0308,0.157,0,0.073,0.307,118.982,2008,99,65467877
152612,41,0.404,0.932,-5.932,0.42,0.0437,1.15e-05,0.66,0.188,157.042,2018,60,747307
194177,45,0.43,0.507,-11.313,0.0409,0.665,0.74,0.116,0.234,126.855,2020,74,1031796
199453,0,0.412,0.855,-1.978,0.121,0.0718,1.15e-06,0.107,0.429,91.185,2010,54,123161
199771,40,0.701,0.47,-9.967,0.129,0.262,0,0.0728,0.343,84.925,2020,28,5807
185309,15,0.85,0.747,-6.749,0.0959,0.0342,0.485,0.0561,0.872,112.974,2011,37,88698
301253,1,0.482,0.251,-12.324,0.0346,0.935,0.573,0.0958,0.31,121.38,2003,26,2980
358520,33,0.338,0.365,-8.489,0.0297,0.0153,0.00144,0.124,0.207,141.58,2009,62,482388
442226,45,0.53,0.143,-17.471,0.0423,0.958,0.497,0.278,0.119,125.464,1959,56,236687
192239,0,0.377,0.464,-7.748,0.033,0.784,0.688,0.632,0.475,102.761,2015,53,540626
418560,0,0.469,0.54,-11.856,0.0796,0.307,1.12e-05,0.363,0.576,130.693,1960,65,1480095
225240,38,0.528,0.947,-9.669,0.0673,0.000792,0.00367,0.113,0.544,99.029,1988,57,1258991
337133,29,0.517,0.269,-16.09,0.0332,0.851,0.474,0.1,0.273,141.846,1964,65,1480095
46680,0,0.39,0.994,-0.817,0.149,0.0113,0.0036,0.691,0.318,126.701,2005,54,589172
534000,21,0.59,0.639,-12.135,0.064,0.755,0.00261,0.129,0.68,117.194,1965,47,126668
299200,0,0.462,0.898,-5.846,0.0541,0.000989,0.00231,0.0996,0.322,166.787,2007,47,144710
296040,26,0.312,0.0198,-22.057,0.0477,0.983,0.938,0.102,0.0701,73.778,2016,74,2898005
253493,0,0.299,0.529,-8.21,0.0374,0.0468,0,0.72,0.293,120.383,2007,47,144710
288088,19,0.605,0.945,-3.201,0.32,0.00811,0.00163,0.242,0.273,135.996,2013,37,88698
305666,0,0.285,0.023,-31.089,0.041,0.761,0.884,0.11,0.0903,167.908,1991,42,157593
721600,37,0.504,0.224,-15.824,0.0393,0.815,0.0872,0.0922,0.302,75.499,1957,49,416716
258106,54,0.341,0.0446,-18.109,0.0348,0.909,0.00785,0.157,0.128,174.365,1962,59,192779
397173,10,0.373,0.0405,-23.872,0.0422,0.994,0.938,0.177,0.0653,75.996,2016,74,2898005
181133,37,0.496,0.967,-8.599,0.0555,0.0746,0.0033,0.351,0.633,114.036,1988,57,1258991
61476,34,0.091,0.95,-8.64,0.0727,0.759,0.778,0.871,0.332,172.317,2018,60,747307
166759,0,0.158,0.189,-16.603,0.0338,0.812,0.0532,0.0915,0.0384,88.603,2017,0,3
220266,0,0.583,0.891,-3.971,0.0314,0.00691,0.0882,0.0823,0.857,106.068,2010,0,1738944
330680,3,0.73,0.865,-7.095,0.245,0.0364,0.403,0.146,0.802,135.029,2010,11,3063
171226,31,0.215,0.899,-7.066,0.225,0.165,0.668,0.677,0.194,85.687,2010,57,714382
206400,32,0.694,0.46,-11.489,0.0787,0.000484,0.774,0.128,0.322,99.997,2015,52,190966
171066,14,0.204,0.773,-6.469,0.111,0.0044,0.881,0.147,0.426,157.523,2017,49,57563
264200,0,0.521,0.547,-9.423,0.0545,0.628,0.00344,0.106,0.658,121.758,2007,42,3881
376048,0,0.298,0.824,-11.297,0.241,0.213,0.775,0.115,0.105,170.682,2016,62,540941
280320,0,0.497,0.607,-9.615,0.0532,0.123,0.422,0.096,0.362,150.032,2005,63,261659
580240,3,0.438,0.564,-10.031,0.0562,0.811,0.824,0.303,0.285,115.479,1999,34,18212
266413,0,0.586,0.988,0.604,0.176,0.0306,0.0674,0.28,0.627,173.906,2008,37,98895
477826,0,0.5,0.155,-14.87,0.0395,0.964,0.723,0.0945,0.248,127.098,2014,21,1719
268260,42,0.682,0.948,-4.105,0.0514,0.0055,0.0542,0.302,0.725,137.999,2016,37,88698
276066,0,0.314,0.58,-5.909,0.0303,0.0498,0,0.126,0.112,130.357,2002,30,18693
287000,65,0.402,0.597,-9.258,0.0327,0.0385,2.09e-06,0.109,0.496,81.806,1988,57,1258991
247066,9,0.749,0.625,-7.379,0.0318,0.813,0.00135,0.115,0.592,96.986,2015,38,36295
130812,0,0.355,0.0703,-15.84,0.0383,0.992,0.88,0.0848,0.262,140.91,2017,0,3
297125,0,0.694,0.798,-12.542,0.0385,0.239,0.862,0.104,0.789,117.978,2017,0,1738944
166000,36,0.606,0.793,-7.422,0.0318,0.00698,0.454,0.3,0.773,119.986,2015,52,190966
135986,46,0.413,0.396,-19.976,0.0641,0.926,0.875,0.104,0.842,97.042,1965,34,2830
164520,0,0.614,0.666,-6.601,0.0351,0.459,0.0579,0.146,0.55,79.938,2009,65,1348978
362040,8,0.407,0.0376,-21.348,0.0418,0.973,0.739,0.19,0.0477,76.706,2004,51,113064
266080,14,0.613,0.502,-8.724,0.0318,0.0643,0.84,0.0372,0.486,90.001,2015,38,36295
180133,0,0.684,0.33,-10.224,0.0441,0.917,0.892,0.32,0.75,99.237,2002,53,540626
231050,0,0.674,0.51,-6.986,0.0307,0.36,0,0.114,0.41,121.038,2013,0,36
287440,35,0.523,0.667,-7.283,0.0682,0.608,0.0227,0.332,0.665,108.162,1959,44,188893
240052,0,0.454,0.394,-8.642,0.0337,0.931,0.279,0.312,0.391,124.597,2015,53,540626
216573,30,0.414,0.928,-4.858,0.343,0.0452,0.00787,0.228,0.101,136.865,2010,57,714382
155466,0,0.518,0.281,-11.149,0.101,0.902,0.00433,0.0871,0.661,78.909,2002,53,540626
186973,70,0.571,0.539,-4.446,0.116,0.0208,0,0.125,0.727,202.103,2016,89,45443239
7070,0,0,0.159,-18.634,0,0.712,0,0,0,0,2015,35,9673
264098,20,0.577,0.664,-8.079,0.0343,0.11,0.0135,0.17,0.57,122.037,2016,37,88698
286880,9,0.338,0.0168,-26.909,0.0381,0.991,0.923,0.1,0.169,101.347,2016,74,2898005
224507,0,0.779,0.47,-8.618,0.11,0.00171,0.0142,0.109,0.811,124.026,2018,43,58437
222200,1,0.397,0.404,-19.756,0.0843,0.94,0.868,0.567,0.813,72.891,1965,34,2830
247200,31,0.424,0.933,-6.046,0.0979,0.00838,0.00316,0.0649,0.486,165.387,2011,65,1348978
263073,0,0.454,0.993,-2.898,0.0808,0.00794,0.378,0.819,0.379,145.349,2013,51,173496
282640,0,0.542,0.987,-1.119,0.0985,0.0039,0.346,0.321,0.431,173.938,2008,37,98895
58840,0,0.239,0.978,-3.959,0.153,0.166,0.247,0.373,0.193,116.988,2010,0,1738944
364440,0,0.344,0.0858,-15.989,0.0506,0.979,0.197,0.0891,0.189,80.778,2014,21,1719
228114,0,0.263,0.921,-1.971,0.0484,0.000577,0.122,0.323,0.324,182.978,2013,51,173496
444240,10,0.423,0.27,-13.774,0.0425,0.991,0.879,0.0989,0.213,137.56,2012,51,313664
322000,0,0.43,0.875,-3.061,0.0887,0.0928,0,0.04,0.443,126.105,2010,54,123161
220560,0,0.561,0.145,-16.158,0.0522,0.98,0.762,0.121,0.372,62.263,2002,53,540626
729680,45,0.305,0.77,-6.694,0.0276,0.062,0.203,0.0976,0.374,107.367,2010,75,2681980
236914,33,0.714,0.689,-10.039,0.0455,0.128,0.827,0.151,0.625,107.971,2019,40,73980
244133,21,0.348,0.523,-14.062,0.0418,0.0192,0.886,0.123,0.0663,148.617,2016,44,98561
543133,31,0.658,0.521,-12.606,0.0312,0.811,0.0786,0.0746,0.819,129.056,1965,47,126668
273866,0,0.521,0.957,-0.816,0.0849,0.00767,0.0502,0.024,0.751,174.033,2008,37,98895
223506,9,0.676,0.983,-5.394,0.162,0.0173,0.777,0.0691,0.66,91.003,2012,41,49926
181666,0,0.572,0.648,-6.015,0.0361,0.513,1.57e-06,0.112,0.535,153.869,2009,65,1348978
411973,11,0.461,0.555,-11.492,0.0432,0.787,0.0197,0.369,0.795,140.311,2004,51,113064
232400,34,0.456,0.713,-7.534,0.0556,0.394,0.961,0.0772,0.506,142.872,2006,47,138549
367560,0,0.533,0.861,-4.661,0.0433,0.0241,1.66e-05,0.101,0.275,140.008,2007,47,144710
204013,37,0.544,0.339,-15.159,0.0378,0.369,0.0248,0.0986,0.4,107.115,2018,65,1480095
333573,10,0.479,0.483,-12.381,0.11,0.311,0,0.427,0.704,106.317,1962,65,1480095
207457,18,0.662,0.787,-6.1,0.0851,0.0391,0.393,0.113,0.169,118.021,2011,37,88698
212386,0,0.376,0.444,-8.607,0.0356,0.842,0.442,0.0642,0.44,127.481,2015,53,540626
442400,38,0.365,0.568,-11.311,0.0468,0.0101,0.0132,0.57,0.604,74.417,1988,57,1258991
411293,33,0.542,0.378,-14.487,0.036,0.717,0.00347,0.083,0.383,112.017,1964,65,1480095
324133,36,0.454,0.26,-13.193,0.0401,0.539,0.00078,0.0675,0.598,174.322,1959,56,236687
334253,0,0.61,0.437,-12.211,0.0391,0.714,0.0197,0.336,0.527,97.767,2007,42,3881
293627,0,0.503,0.162,-16.406,0.0385,0.946,0.18,0.168,0.206,121.268,1999,0,20
440560,1,0.448,0.124,-18.71,0.0356,0.903,0.792,0.108,0.127,92.768,2006,10,1884
262079,25,0.718,0.456,-8.218,0.027,0.604,0.00015,0.0991,0.418,93.025,2015,38,36295
505333,11,0.459,0.589,-8.507,0.0488,0.385,0.753,0.153,0.605,146.54,1999,0,1738944
232000,0,0.372,0.964,-3.437,0.135,0.0151,0,0.285,0.297,140.745,2010,54,123161
217599,0,0.376,0.373,-10.164,0.0379,0.954,0.156,0.166,0.374,118.29,2015,53,540626
503173,17,0.448,0.432,-14.468,0.0328,0.386,0,0.0628,0.622,113.678,2018,65,1480095
327520,0,0.548,0.596,-9.182,0.0359,0.699,0.68,0.253,0.41,110.119,2006,47,138549
534813,0,0.323,0.694,-11.596,0.0338,0.165,0.856,0.0916,0.65,142.787,2016,42,197324
608426,0,0.467,0.469,-8.98,0.0393,0.515,9.9e-05,0.325,0.512,78.089,2010,35,8929
222653,27,0.423,0.592,-8.555,0.0322,0.00192,0.868,0.111,0.145,100.058,2017,49,57563
236746,47,0.598,0.883,-3.456,0.0792,0.0895,0,0.0731,0.705,115.023,2019,76,7967911
161506,43,0.422,0.238,-15.208,0.0346,0.624,0.932,0.0922,0.16,154.986,2016,44,98561
200266,0,0.428,0.406,-9.143,0.0371,0.931,0.321,0.389,0.555,126.78,2015,53,540626
317946,42,0.364,0.114,-16.552,0.0333,0.857,0.635,0.0839,0.0575,117.715,1997,35,56427
736000,0,0.441,0.451,-9.666,0.0593,0.761,0.000389,0.241,0.661,175.672,2010,35,8929
269538,58,0.625,0.655,-5.992,0.112,0.763,0.000126,0.378,0.485,121.075,2018,85,6547564
118320,33,0.685,0.989,-3.211,0.317,0.000613,0.00167,0.0991,0.522,76.972,2010,57,714382
274121,0,0.699,0.922,-4.284,0.164,0.0219,0.000713,0.44,0.546,126.991,2014,27,31260
327773,0,0.568,0.219,-11.486,0.049,0.976,0.319,0.0752,0.572,124.1,1999,0,20
222328,23,0.743,0.844,-4.595,0.092,0.00903,0.0481,0.257,0.518,146.046,2013,37,88698
191000,0,0.276,0.964,-3.392,0.0817,1.78e-05,0.751,0.38,0.289,144.9,2010,54,123161
550760,2,0.549,0.478,-10.873,0.0374,0.788,0.052,0.205,0.792,124,2010,10,1412
357784,0,0.652,0.753,-4.026,0.0706,0.000321,0.0276,0.204,0.31,128.469,2013,51,173496
408853,8,0.413,0.112,-18.278,0.0356,0.943,0.236,0.132,0.0735,102.573,2015,24,1587
308240,0,0.46,0.727,-8.012,0.0309,4.99e-05,0.038,0.105,0.249,134.127,2005,63,261659
302951,41,0.336,0.325,-15.999,0.0351,0.797,0.779,0.104,0.0927,147.361,2020,74,1031796
436160,0,0.512,0.268,-12.955,0.0754,0.88,0.648,0.108,0.301,181.873,2008,0,1738944
209079,0,0.428,0.274,-9.461,0.0317,0.981,0.524,0.261,0.358,116.551,2015,53,540626
275080,1,0.356,0.466,-22.87,0.0717,0.948,0.865,0.723,0.829,110.624,1965,34,2830
382706,21,0.316,0.131,-19.735,0.0367,0.975,0.854,0.101,0.0439,89.375,1973,39,44896
265346,0,0.458,0.421,-12.891,0.0384,0.622,0.0154,0.186,0.19,123.987,2015,24,1587
479283,0,0.429,0.305,-9.199,0.0404,0.739,0.0241,0.697,0.156,134.313,2010,0,1738944
215214,0,0.467,0.626,-5.671,0.0363,0.0112,4.08e-05,0.207,0.0598,100.096,2013,51,173496
182083,0,0.221,0.928,-4.036,0.0481,0.00161,0.873,0.164,0.1,109.739,2013,51,173496
311946,0,0.536,0.503,-12.578,0.038,0.624,0.106,0.114,0.523,93.966,2010,22,5145
297453,2,0.671,0.279,-14.832,0.0452,0.814,0.754,0.108,0.543,94.958,2010,22,5145
494880,0,0.463,0.373,-14.512,0.0443,0.388,0.843,0.0744,0.178,138.408,2016,42,197324
378335,0,0.768,0.744,-12.064,0.0502,0.193,0.763,0.108,0.817,112.352,2017,0,1738944
224506,0,0.567,0.836,-7.361,0.0371,0.0739,4.35e-05,0.284,0.659,149.967,2007,47,144710
459333,0,0.442,0.502,-18.18,0.0354,0.0565,0.575,0.107,0.167,188.421,1991,42,157593
266906,0,0.493,0.563,-9.955,0.0355,0.67,0.114,0.335,0.666,115.741,2007,42,3881
273960,10,0.361,0.0285,-22.845,0.0389,0.991,0.907,0.0802,0.13,89.272,2016,74,2898005
286840,0,0.56,0.209,-15.287,0.0377,0.987,0.971,0.118,0.23,127.524,1999,0,20
536226,0,0.106,0.874,-10.41,0.0963,0.621,0.873,0.409,0.306,61.602,1971,48,126012
191173,4,0.665,0.412,-14.008,0.0441,0.913,0.941,0.0843,0.879,142.734,1965,34,2830
351706,11,0.546,0.263,-13.919,0.0332,0.628,0.0228,0.0482,0.304,138.6,1962,65,1480095
226673,0,0.665,0.899,-6.049,0.0415,1.58e-05,0.549,0.0372,0.875,135.034,2018,43,58437
548066,5,0.349,0.294,-11.025,0.03,0.79,0.891,0.0589,0.207,100.178,1999,0,1738944
251412,0,0.301,0.34,-9.227,0.0314,0.776,0.259,0.232,0.463,92.474,2015,53,540626
191000,70,0.741,0.798,-5.342,0.0718,0.00781,0,0.0232,0.939,104.953,2016,89,45443239
372400,0,0.536,0.208,-20.005,0.0325,0.65,9.15e-05,0.171,0.567,134.479,1988,32,16985
401120,0,0.544,0.509,-11.256,0.0371,0.793,0.111,0.233,0.604,113.282,2007,42,3881
394160,22,0.133,0.73,-8.063,0.0569,0.0253,0.911,0.101,0.0729,164.689,2017,49,57563
240333,0,0.27,0.985,-3.375,0.118,0.00198,0.0221,0.408,0.143,89.425,2004,65,1735533
131052,1,0.16,0.982,-10.404,0.235,0.209,0.863,0.143,0.0337,143.854,2010,11,3063
299840,0,0.341,0.571,-8.977,0.0322,0.000124,0.897,0.405,0.0706,124.015,2005,54,589172
523453,26,0.515,0.437,-13.779,0.0331,0.354,4.5e-05,0.243,0.738,93.091,2018,65,1480095
291079,0,0.492,0.814,-5.024,0.0326,0.00362,0.839,0.0862,0.0913,120.278,2013,51,173496
214573,9,0.395,0.722,-9.775,0.0862,0.744,0.826,0.627,0.667,122.504,1988,53,540626
40690,50,0.559,0.291,-18.795,0.0682,0.79,0.00308,0.0994,0.359,76.543,2018,85,6547564
149586,40,0.308,0.36,-7.79,0.0355,0.534,0.032,0.0568,0.0806,80.996,2010,75,2681980
312026,0,0.572,0.214,-15.787,0.0492,0.802,0.265,0.101,0.47,77.663,2010,35,8929
234506,0,0.243,0.337,-9.936,0.0296,0.942,0.145,0.0996,0.392,88.678,2015,53,540626
320373,30,0.313,0.95,-3.784,0.138,1.94e-05,0.457,0.089,0.238,147.993,2000,47,285115
352013,0,0.452,0.598,-8.471,0.0564,0.422,0.873,0.179,0.318,74.795,2006,47,138549
359306,0,0.601,0.487,-12.514,0.0633,0.665,0.334,0.0852,0.727,123.409,2008,0,1738944
245040,11,0.328,0.0308,-22.308,0.035,0.987,0.896,0.113,0.18,79.993,2016,74,2898005
254813,31,0.421,0.912,-3.917,0.0531,0.00396,0.00341,0.758,0.5,150.584,2011,65,1348978
285000,2,0.704,0.829,-4.739,0.222,0.0216,0.611,0.353,0.499,159.962,2010,11,3063
490573,0,0.452,0.0852,-27.684,0.0348,0.95,0.654,0.099,0.331,140.115,1988,32,16985
238527,0,0.461,0.437,-7.174,0.0326,0.439,0,0.0971,0.116,119.49,2019,28,4001
349000,0,0.445,0.413,-14.925,0.0658,0.247,0.0111,0.107,0.49,131.512,1971,48,126012
227426,0,0.501,0.0951,-14.584,0.0607,0.988,0.6,0.178,0.348,62.761,2002,53,540626
335733,0,0.531,0.364,-13.023,0.0403,0.776,0.0149,0.0872,0.675,116.103,2010,35,8929
461191,0,0.499,0.27,-13.239,0.0398,0.965,0.502,0.108,0.318,121.684,1991,10,1884
311440,47,0.431,0.877,-4.762,0.0704,2e-04,0.000252,0.152,0.262,148.298,2009,62,482388
64858,0,0.705,0.0636,-20.224,0.45,0.888,0,0.365,0.598,120.182,2015,35,9673
198186,61,0.552,0.733,-6.898,0.0933,0.0209,0,0.0858,0.643,143.56,2016,89,45443239
145132,0,0.275,0.672,-7.713,0.364,0.776,0.72,0.799,0.532,154.539,2015,53,540626
289706,7,0.536,0.223,-16.199,0.0524,0.821,0.81,0.105,0.604,61.805,1965,34,2830
258426,0,0.637,0.414,-11.389,0.0362,0.598,0.924,0.0668,0.577,82.346,2008,22,5145
335373,0,0.461,0.208,-21.894,0.0309,0.815,0.0208,0.234,0.361,89.69,1988,32,16985
550826,0,0.569,0.635,-13.108,0.0642,0.618,0.912,0.167,0.76,88.002,1971,48,126012
36923,20,0.6,0.945,-6.045,0.0401,2.19e-05,0.0107,0.296,0.592,130.043,2015,52,190966
325586,0,0.401,0.317,-14.369,0.0364,0.898,0.76,0.118,0.0633,116.744,2006,47,138549
228306,0,0.423,0.37,-11.655,0.0405,0.95,0.035,0.0767,0.52,134.503,2015,53,540626
173560,0,0.795,0.287,-13.373,0.0891,0.946,0.805,0.121,0.762,106.986,2002,53,540626
216253,32,0.513,0.761,-6.387,0.0459,0.000662,0.0756,0.376,0.611,129.021,2011,65,1348978
191786,26,0.214,0.505,-10.541,0.0492,0.0926,0.767,0.137,0.0513,125.062,2017,49,57563
308160,0,0.472,0.0865,-17.009,0.0433,0.957,0.569,0.221,0.143,74.34,2006,10,1884
263533,0,0.276,0.98,-4.11,0.106,0.000532,0.102,0.321,0.082,102.069,2004,65,1735533
574506,0,0.616,0.239,-14.533,0.0392,0.825,0.612,0.111,0.348,112.785,1993,0,44
369400,16,0.292,0.753,-9.744,0.0579,0.0952,0.669,0.363,0.556,78.593,1997,35,56427
239240,0,0.274,0.994,-2.063,0.0924,0.0173,8.9e-05,0.296,0.0949,88.314,2010,54,123161
370800,0,0.335,0.0948,-17.293,0.0457,0.98,0.594,0.132,0.0676,69.674,2014,21,1719
252466,0,0.397,0.398,-11.144,0.0363,0.918,0.000919,0.235,0.71,134.844,2015,53,540626
383226,15,0.516,0.321,-12.559,0.0281,0.725,0.812,0.153,0.292,132.695,1997,35,56427
245080,33,0.629,0.418,-14.52,0.036,0.179,0.828,0.0878,0.122,139.991,2016,44,98561
226500,40,0.696,0.888,-3.311,0.179,0.0109,0.00348,0.109,0.693,160.088,2013,37,88698
162052,0,0.531,0.38,-17.292,0.0432,0.849,0.901,0.332,0.532,81.017,2018,13,602
308986,1,0.445,0.286,-22.913,0.0781,0.957,0.815,0.552,0.631,109.168,1965,34,2830
297493,47,0.396,0.898,-5.428,0.0544,0.000272,0.000708,0.287,0.352,164.727,2009,62,482388
575040,0,0.4,0.666,-10.041,0.0404,0.364,0.00967,0.0849,0.602,145.007,2007,42,3881
231440,0,0.378,0.664,-10.836,0.0555,0.602,0.264,0.0891,0.628,172.572,2006,10,1884
234160,0,0.191,0.782,-7.796,0.0639,0.299,0.00258,0.0939,0.522,174.412,2001,63,261659
82960,2,0.738,0.872,-7.717,0.0536,0.247,0.921,0.0675,0.972,113.987,2010,11,3063
191757,0,0.395,0.942,-2.585,0.309,0.00751,0,0.135,0.78,134.755,2014,27,31260
377880,19,0.495,0.344,-14.069,0.0316,0.855,0.769,0.26,0.322,139.462,1963,48,190095
319679,22,0.42,0.26,-17.802,0.0312,0.88,0.929,0.189,0.301,93.241,1962,65,1480095
439426,4,0.43,0.202,-16.501,0.0392,0.994,0.898,0.0986,0.0596,138.564,2012,51,313664
347600,38,0.287,0.603,-6.393,0.042,0.000769,0.000361,0.0778,0.234,127.148,2009,62,482388
216306,0,0.448,0.324,-8.884,0.029,0.834,0.424,0.182,0.438,56.531,2015,53,540626
293172,0,0.355,0.674,-9.093,0.0513,0.0111,0.919,0.0901,0.0356,90.954,2016,62,540941
513880,14,0.416,0.747,-10.125,0.0342,0.53,0.906,0.703,0.561,133.872,2017,30,25392
302840,0,0.572,0.504,-10.042,0.0454,0.727,0.000485,0.156,0.501,87.423,2007,42,3881
387400,19,0.475,0.524,-9.804,0.0569,0.6,9.28e-06,0.272,0.717,116.237,1962,65,1480095
242555,0,0.446,0.398,-11.772,0.0545,0.268,0.0288,0.224,0.35,134.005,2013,0,36
338306,28,0.411,0.96,-2.794,0.0928,2.19e-05,0.815,0.183,0.33,92.575,2000,47,285115
527333,0,0.177,0.062,-24.506,0.044,0.993,0.908,0.0922,0.0379,69.194,2016,42,197324
168506,0,0.336,0.347,-8.03,0.0291,0.672,0.00195,0.15,0.448,90.163,2015,53,540626
340000,1,0.555,0.189,-13.997,0.0403,0.919,0.885,0.104,0.382,116.137,2006,10,1884
364712,0,0.438,0.204,-11.191,0.126,0.988,0.439,0.775,0.341,74.1,2015,35,9673
246280,43,0.381,0.954,-3.945,0.0437,0.0563,0.000835,0.537,0.532,155.103,2010,75,2681980
222560,23,0.356,0.314,-17.848,0.0549,0.926,0.841,0.0786,0.519,116.031,1973,39,44896
230000,0,0.479,0.779,-6.297,0.0312,0.272,0,0.106,0.379,105.428,2001,63,261659
383400,49,0.702,0.219,-15.16,0.0432,0.937,0.869,0.0886,0.35,126.331,1965,47,126668
276000,0,0.374,0.598,-4.519,0.0369,0.0535,2.49e-06,0.117,0.269,80.068,2010,54,123161
250773,55,0.549,0.859,-3.993,0.0361,0.0964,2.36e-05,0.322,0.69,77.013,2007,75,2681980
638040,3,0.357,0.265,-12.481,0.0328,0.919,0.544,0.12,0.0771,103.966,1999,34,18212
394285,0,0.675,0.805,-7.63,0.372,0.0718,5.21e-06,0.112,0.777,126.044,2017,0,1738944
284682,0,0.257,0.33,-11.413,0.0384,0.744,0.0284,0.145,0.214,66.194,1991,10,1884
219773,0,0.36,0.986,-2.486,0.103,0.00272,0.00109,0.125,0.217,92.335,2004,65,1735533
236000,5,0.481,0.73,-11.395,0.0478,0.03,0.911,0.105,0.268,180.056,2012,41,49926
244106,13,0.344,0.0313,-21.261,0.0365,0.989,0.736,0.351,0.0986,81.148,2016,74,2898005
173266,0,0.732,0.4,-11.853,0.104,0.967,0.603,0.33,0.761,105.849,2002,53,540626
317506,0,0.179,0.904,-6.603,0.0703,0.0582,8.45e-06,0.246,0.453,77.237,2001,63,261659
560906,0,0.475,0.359,-14.732,0.0381,0.774,0.616,0.0905,0.456,97.148,2008,0,1738944
193767,64,0.647,0.676,-6.025,0.0862,0.0909,0.0227,0.0947,0.41,164.51,2018,85,6547564
483626,0,0.655,0.445,-10.836,0.048,0.473,0.745,0.148,0.748,103.832,2010,22,5145
314320,0,0.476,0.396,-8.575,0.0258,0.391,3.09e-06,0.112,0.369,172.317,2001,63,261659
282380,0,0.426,0.733,-3.739,0.172,0.0511,0.00126,0.294,0.268,159.645,2014,27,31260
214533,0,0.311,0.996,-3.48,0.185,0.00173,0.00266,0.289,0.154,107.805,2004,65,1735533
318293,0,0.351,0.484,-12.201,0.0328,0.241,0.636,0.207,0.386,101.181,2008,22,5145
255946,38,0.421,0.935,-3.079,0.082,1.34e-05,0.784,0.341,0.465,125.136,2000,47,285115
170780,12,0.726,0.629,-6.782,0.192,0.0533,1.21e-05,0.0859,0.538,78.53,2011,37,88698
251000,3,0.782,0.797,-5.423,0.0669,0.307,0.296,0.125,0.729,119.969,2010,11,3063
749080,1,0.545,0.302,-12.389,0.0386,0.857,0.912,0.0777,0.34,115.35,2015,26,2980
181922,65,0.648,0.59,-9.664,0.0942,0.697,0.808,0.111,0.401,81.045,2020,74,1031796
206828,38,0.354,0.836,-7.394,0.0628,0.00637,0.763,0.165,0.407,106.365,2019,40,73980
379573,1,0.593,0.251,-16.834,0.0475,0.86,0.826,0.118,0.401,128.253,2006,10,1884
364253,0,0.79,0.68,-10.434,0.0478,0.25,0.822,0.0891,0.841,91.417,2008,22,5145
597893,22,0.541,0.655,-7.742,0.0419,0.815,0.0269,0.115,0.528,140.497,1999,47,126668
342666,0,0.399,0.637,-12.068,0.0325,0.29,0.851,0.1,0.779,127.906,2016,42,197324
559146,29,0.658,0.479,-8.464,0.0437,0.77,0.0308,0.137,0.503,130.844,1959,44,188893
529213,0,0.329,0.514,-13.212,0.0307,0.339,0.89,0.0598,0.289,148.551,2016,42,197324
173266,0,0.682,0.263,-11.658,0.0799,0.855,0.0507,0.154,0.681,122.963,2002,53,540626
366986,0,0.376,0.664,-7.12,0.0257,0.0457,0.00805,0.0824,0.339,82.697,2007,47,144710
370120,14,0.564,0.478,-12.559,0.0508,0.654,0.554,0.103,0.294,96.755,2015,24,1587
133440,27,0.759,0.465,-11.327,0.1,0.287,0.426,0.092,0.606,124.921,2015,52,190966
373386,32,0.654,0.585,-8.022,0.0565,0.688,0.416,0.0713,0.619,131.703,1959,44,188893
276381,0,0.579,0.452,-10.865,0.04,0.0738,0.525,0.103,0.118,75.679,2016,62,540941
249360,41,0.453,0.977,-4.041,0.102,0.00314,0.000494,0.106,0.673,170.058,2010,75,2681980
261240,77,0.578,0.574,-6.209,0.0454,0.196,0,0.083,0.301,174.152,2016,89,45443239
486146,30,0.303,0.853,-7.119,0.156,0.0251,0.0165,0.388,0.247,137.645,2005,46,150901
238013,43,0.381,0.939,-4.684,0.125,0.042,0.918,0.172,0.335,159.97,2007,75,2681980
320917,0,0.774,0.615,-8.684,0.0483,0.0165,0.862,0.157,0.932,105.473,2017,0,1738944
251293,40,0.311,0.0312,-21.88,0.036,0.955,0.855,0.0965,0.15,73.467,1964,65,1480095
106187,0,0.387,0.923,-5.283,0.0508,5.36e-06,0.885,0.378,0.681,174.056,2018,13,602
268016,0,0.31,0.297,-11.535,0.04,0.853,0.034,0.163,0.343,49.86,1991,10,1884
265200,15,0.345,0.505,-10.21,0.0464,0.184,0.211,0.367,0.429,174.571,1997,35,56427
458666,23,0.514,0.489,-10.393,0.0306,0.5,0.348,0.119,0.592,81.382,1997,35,56427
566066,47,0.361,0.0437,-17.256,0.0404,0.9,0.111,0.0901,0.224,175.137,1959,63,2347037
206266,0,0.466,0.327,-18.072,0.307,0.687,0.108,0.713,0.638,144.64,2015,0,1738944
258386,5,0.458,0.258,-15.781,0.0401,0.892,0.586,0.1,0.829,92.936,1965,34,2830
183065,0,0.493,0.852,-2.64,0.0731,0.000116,0.0217,0.514,0.395,135.284,2014,27,31260
311640,20,0.52,0.394,-11.329,0.0368,0.589,0.00031,0.0747,0.643,113.338,1962,59,192779
208906,0,0.276,0.985,-3.448,0.0869,0.000154,0.000484,0.166,0.185,95.909,2004,65,1735533
327293,2,0.496,0.532,-11.812,0.0417,0.67,0.413,0.119,0.547,141.088,2006,10,1884
304920,5,0.439,0.203,-17.056,0.0958,0.852,0.902,0.109,0.72,102.996,1965,34,2830
475333,8,0.49,0.456,-10.534,0.0404,0.655,0.76,0.147,0.5,120.106,1999,0,1738944
310813,0,0.387,0.837,-5.924,0.038,0.0622,8.13e-05,0.0918,0.538,165.074,2005,63,261659
127741,22,0.694,0.366,-12.112,0.19,0.455,0.00209,0.333,0.39,77.591,2015,52,190966
181066,0,0.569,0.526,-10.923,0.0852,0.931,0.00137,0.311,0.811,128.531,2002,53,540626
259666,44,0.257,0.901,-9.074,0.0832,0.0896,0.0137,0.227,0.252,93.286,1988,57,1258991
279160,47,0.527,0.322,-9.163,0.0281,0.675,2.98e-05,0.111,0.188,136.062,2022,61,407849
279400,17,0.295,0.794,-10.846,0.056,0.604,0.000608,0.686,0.632,80.39,1988,53,540626
373150,1,0.652,0.565,-11.636,0.0522,0.368,0.923,0.088,0.672,108.084,2019,5,620
182160,0,0.576,0.479,-10.864,0.104,0.793,0.000178,0.0965,0.905,105.71,2002,53,540626
413080,0,0.447,0.621,-8.142,0.0389,0.351,0.834,0.0857,0.618,137.361,2006,47,138549
309746,20,0.194,0.414,-12.549,0.0376,0.213,0.842,0.109,0.0387,88.373,2017,49,57563
462066,0,0.372,0.181,-14.567,0.0384,0.96,0.769,0.0752,0.159,91.453,2014,21,1719
312888,5,0.362,0.919,-6.079,0.0466,0.0566,0.844,0.236,0.531,92.515,2019,24,10839
337500,0,0.856,0.558,-8.779,0.0419,0.0212,0.844,0.055,0.297,128.006,2017,0,1738944
160866,0,0.433,0.904,-6.839,0.0321,0.401,0.000199,0.0895,0.59,102.069,2001,63,261659
789506,0,0.204,0.374,-13.547,0.0535,0.412,0.0621,0.661,0.101,99.998,2005,54,589172
239386,10,0.614,0.46,-14.324,0.0472,0.697,0.821,0.0927,0.713,139.843,1965,34,2830
299546,1,0.278,0.367,-19.03,0.0519,0.948,0.898,0.703,0.83,166.204,1965,34,2830
201012,0,0.301,0.303,-12.131,0.0311,0.959,0.0624,0.129,0.441,148.649,2015,53,540626
285320,0,0.514,0.585,-7.102,0.0313,0.256,8.91e-06,0.224,0.675,167.083,2007,47,144710
291453,0,0.372,0.654,-10.328,0.0389,0.47,0.000647,0.0876,0.513,157.45,2007,42,3881
261786,1,0.374,0.777,-6.47,0.0257,0.000216,0.847,0.117,0.146,95.485,2012,12,2991
335379,0,0.582,0.424,-11.187,0.0431,0.833,0.71,0.125,0.666,83.276,2018,6,379
213932,0,0.287,0.342,-9.368,0.0307,0.914,0.128,0.0517,0.372,97.197,2015,53,540626
144866,0,0.394,0.635,-7.698,0.0841,0.484,0.00237,0.241,0.888,151.422,2002,53,540626
441933,0,0.425,0.0189,-30.754,0.0349,0.966,0.766,0.0962,0.167,103.282,1988,32,16985
323866,24,0.453,0.193,-17.582,0.0461,0.861,0.466,0.156,0.686,178.795,1959,56,236687
322840,33,0.437,0.926,-9.758,0.0587,0.0113,0.791,0.0961,0.418,152.323,2018,65,1009799
407840,25,0.623,0.315,-15.144,0.0574,0.417,0.354,0.0195,0.491,116.304,1959,35,114067
43893,5,0.165,0.251,-20.725,0.122,0.927,0.00588,0.169,0.0354,103.845,2015,38,36295
203835,24,0.636,0.876,-2.863,0.063,0.000719,0.000409,0.217,0.479,145.98,2016,37,88698
228013,51,0.485,0.799,-5.886,0.029,0.122,0.0054,0.33,0.468,111.012,2007,75,2681980
189240,31,0.667,0.725,-7.363,0.0363,0.0111,0.0255,0.166,0.786,133.982,2009,62,482388
226480,18,0.601,0.545,-15.867,0.053,0.223,0.813,0.139,0.568,200.011,2016,44,98561
344564,0,0.361,0.507,-10.585,0.0752,0.604,0.606,0.109,0.442,173.507,2018,6,379
264000,35,0.453,0.522,-12.395,0.0537,0.312,0.822,0.0666,0.339,135.911,2016,44,98561
217200,24,0.46,0.48,-11.713,0.0371,0.825,0.000404,0.0657,0.725,96.541,1988,53,540626
203186,0,0.389,0.385,-9.085,0.0396,0.908,0.0269,0.237,0.349,124.205,2015,53,540626
175826,0,0.0884,0.966,-2.86,0.223,0.00196,0.127,0.239,0.0932,192.977,2005,54,589172
246653,21,0.326,0.531,-11.234,0.0476,0.181,1.02e-06,0.33,0.686,80.623,2018,65,1480095
320600,0,0.279,0.887,-4.846,0.0849,0.106,1.79e-05,0.315,0.217,126.228,2007,57,591926
270533,35,0.362,0.849,-10.002,0.119,0.0101,0.124,0.426,0.687,179.101,1988,57,1258991
268493,0,0.451,0.93,-4.523,0.0636,0.0132,8.65e-05,0.429,0.517,160.002,2007,47,144710
530026,0,0.448,0.0954,-24.127,0.0304,0.378,0.517,0.0852,0.0384,110.625,1991,42,157593
365293,21,0.557,0.398,-11.021,0.0276,0.626,8.03e-06,0.113,0.56,91.929,1962,59,192779
541093,30,0.375,0.0229,-23.547,0.0473,0.985,0.866,0.0891,0.105,59.744,1973,39,44896
369906,30,0.64,0.72,-11.989,0.0514,0.002,0.676,0.109,0.154,149.006,2018,65,1009799
245586,17,0.621,0.71,-6.137,0.0272,0.454,0.822,0.185,0.395,95.005,2015,38,36295
203292,0,0.388,0.32,-9.888,0.0346,0.938,0.0758,0.151,0.29,132.591,2015,53,540626
94223,56,0.555,0.149,-6.599,0.0413,0.942,0,0.135,0.408,107.785,2018,85,6547564
393080,0,0.619,0.194,-11.149,0.0423,0.905,0.816,0.09,0.335,70.757,2010,35,8929
271773,39,0.374,0.969,-3.505,0.0527,0.00851,0.00289,0.0656,0.635,181.787,2010,75,2681980
213529,36,0.688,0.832,-4.34,0.0771,0.0119,0.00031,0.073,0.527,135.855,2016,37,88698
221132,0,0.36,0.4,-9.212,0.0315,0.922,0.556,0.368,0.35,63.614,2015,53,540626
355440,15,0.364,0.728,-10.801,0.0311,0.691,0.947,0.727,0.492,130.484,2017,30,25392
117173,29,0.326,0.592,-10.657,0.0636,0.469,0.502,0.392,0.201,74.423,2010,57,714382
202133,7,0.701,0.818,-7.665,0.18,0.0102,0.893,0.0997,0.493,160.018,2012,41,49926
324827,32,0.683,0.942,-3.535,0.0508,0.0103,0.0165,0.093,0.474,116.023,2016,37,88698
223422,0,0.575,0.566,-7.97,0.0274,0.0425,0.772,0.268,0.296,124.964,2013,0,36
371880,5,0.35,0.199,-16.996,0.0369,0.994,0.911,0.0963,0.0399,70.958,2012,51,313664
256517,0,0.264,0.442,-8.659,0.0307,0.405,0.982,0.15,0.156,135.178,2017,0,3
220114,31,0.443,0.794,-3.932,0.0675,0.0193,2.06e-05,0.337,0.505,175.325,2016,37,88698
345266,41,0.447,0.121,-21.562,0.0378,0.803,0.777,0.0695,0.0989,121.761,1961,65,1480095
422573,6,0.43,0.36,-10.294,0.0332,0.762,0.873,0.164,0.335,102.371,1999,0,1738944
297853,40,0.441,0.69,-8.065,0.0568,0.0328,0.823,0.366,0.542,66.646,2016,50,264509
369866,13,0.41,0.243,-18.858,0.0391,0.202,0.87,0.323,0.0723,96.287,2017,30,25392
487880,7,0.608,0.46,-12.034,0.0462,0.601,0.837,0.169,0.502,106.925,2010,22,5145
451373,2,0.328,0.341,-19.479,0.129,0.956,0.835,0.607,0.591,81.229,1965,34,2830
231653,13,0.279,0.0238,-20.718,0.0368,0.99,0.872,0.0663,0.0997,86.513,2016,74,2898005
306093,53,0.716,0.455,-7.148,0.0282,0.0329,1.87e-06,0.0599,0.226,111.668,1999,48,979361
213901,0,0.504,0.448,-8.671,0.0311,0.854,2.97e-06,0.0875,0.376,139.762,2018,0,108
189119,0,0.385,0.686,-7.086,0.0606,0.711,0.00854,0.0974,0.433,137.047,2015,53,540626
657373,12,0.496,0.333,-15.4,0.0422,0.677,0.00265,0.192,0.482,138.317,1962,65,1480095
192252,0,0.409,0.501,-8.012,0.0383,0.879,0.645,0.208,0.405,133.811,2015,53,540626
312666,0,0.438,0.325,-19.741,0.171,0.912,0.948,0.111,0.266,78.119,1971,48,126012
315213,3,0.643,0.947,-4.304,0.131,0.0617,0.752,0.147,0.613,98.02,2010,11,3063
117000,0,0.443,0.462,-13.097,0.107,0.617,0.925,0.143,0.169,159.965,2018,13,602
166640,30,0.575,0.958,-4.806,0.0995,0.0135,0.895,0.282,0.923,82.994,2010,57,714382
276597,0,0.259,0.486,-7.358,0.0391,0.000445,0.744,0.701,0.035,136.076,2016,62,540941
365760,13,0.598,0.326,-14.061,0.0428,0.845,0.302,0.0834,0.416,137.807,2004,51,113064
416773,0,0.68,0.457,-12.201,0.065,0.576,0.663,0.0776,0.743,108.008,2008,0,1738944
388693,0,0.378,0.999,0.939,0.427,0.0168,0.639,0.173,0.325,174.09,2008,37,98895
601880,1,0.504,0.284,-13.39,0.0407,0.753,2.47e-05,0.108,0.566,131.395,2008,0,314
185360,2,0.764,0.934,-6.374,0.0855,0.282,0.818,0.107,0.299,100.006,2010,11,3063
422333,0,0.314,0.458,-12.472,0.0418,0.168,2.11e-05,0.108,0.839,168.63,1971,48,126012
145440,0,0.423,0.494,-14.248,0.0629,0.668,0.0753,0.103,0.526,172.715,1960,65,1480095
244826,0,0.335,0.246,-9.887,0.0855,0.989,0.658,0.74,0.315,74.138,2015,35,9673
221573,0,0.718,0.647,-8.78,0.0342,0.31,0.145,0.115,0.816,127.086,2010,0,1738944
53986,0,0.501,0.664,-7.768,0.035,0.645,0.668,0.228,0.388,145.001,2005,54,589172
164160,37,0.515,0.848,-7.287,0.0345,0.127,0.0368,0.38,0.565,173.912,2011,65,1348978
330400,10,0.515,0.516,-12.302,0.0657,0.199,0,0.305,0.702,108.503,1962,65,1480095
240558,0,0.379,0.983,-2.293,0.1,0.139,9.71e-06,0.0454,0.21,77.118,2010,54,123161
258481,0,0.409,0.334,-10.576,0.0337,0.793,0.0581,0.0674,0.284,101.363,1991,10,1884
163278,36,0.831,0.758,-6.448,0.15,0.006,0.0262,0.313,0.826,122.006,2015,52,190966
271133,21,0.468,0.0217,-23.881,0.0472,0.99,0.816,0.0858,0.122,137.055,2016,74,2898005
197266,0,0.317,0.43,-7.113,0.0279,0.915,0.00711,0.248,0.438,74.165,2015,53,540626
302199,38,0.474,0.376,-10.482,0.0283,0.315,0.000748,0.147,0.253,81.001,1959,35,114067
521893,0,0.619,0.293,-14.057,0.0449,0.866,0.802,0.164,0.48,112.174,1993,0,44
227880,3,0.562,0.644,-8.423,0.123,0.166,0.632,0.0871,0.951,118.896,2010,11,3063
106905,0,0.66,0.266,-19.824,0.66,0.96,0,0.149,0.451,90.324,2015,35,9673
250560,1,0.432,0.43,-8.334,0.0465,0.857,0.357,0.107,0.54,86.264,2019,7,1717
282693,11,0.335,0.0346,-21.188,0.0483,0.988,0.853,0.193,0.184,67.183,2016,74,2898005
228933,2,0.884,0.764,-5.544,0.104,0.167,0.0502,0.171,0.559,130.027,2010,11,3063
420800,1,0.511,0.153,-13.871,0.0345,0.972,0.775,0.115,0.326,86.918,2014,21,1719
176840,0,0.601,0.592,-6.463,0.0297,0.419,0,0.155,0.414,80.012,2009,65,1348978
35853,32,0.482,0.131,-20.925,0.331,0.871,6.72e-06,0.109,0.749,91.376,1959,44,188893
175946,59,0.666,0.925,-3.193,0.102,0.0162,0,0.203,0.798,124.001,2021,59,911568
174994,0,0.099,0.405,-4.469,0.0329,0.614,0.886,0.156,0.125,185.175,2017,0,3
230226,0,0.359,0.959,-3.685,0.104,0.000216,0.00343,0.435,0.158,103.038,2004,65,1735533
129840,0,0.552,0.823,-4.604,0.0484,0.187,0,0.088,0.7,149.287,2010,0,1738944
394600,22,0.489,0.569,-9.814,0.0362,0.256,0.315,0.0749,0.656,150.066,1997,35,56427
374240,9,0.268,0.0337,-26.904,0.0424,0.994,0.9,0.106,0.0653,71.372,2016,74,2898005
184266,0,0.601,0.212,-15.248,0.0509,0.937,0.834,0.137,0.743,81.664,2002,53,540626
452506,16,0.409,0.898,-7.434,0.0344,0.614,0.938,0.152,0.499,134.327,2017,30,25392
945493,28,0.368,0.374,-12.846,0.0374,0.785,0.00997,0.122,0.317,92.93,2007,47,126668
250285,23,0.654,0.961,-3.059,0.327,0.0355,0,0.222,0.514,140.027,2016,37,88698
370146,0,0.498,0.622,-8.761,0.0794,0.0755,0.0938,0.0643,0.496,78.834,2003,26,2980
323480,0,0.477,0.677,-8.019,0.0352,0.0586,0.542,0.0929,0.298,158.023,2005,63,261659
127893,26,0.413,0.0115,-27.992,0.0614,0.995,0.959,0.144,0.397,115.457,1973,39,44896
149750,0,0.341,0.194,-15.429,0.0348,0.995,0.881,0.124,0.0411,68.458,2017,0,3
367466,11,0.452,0.679,-9.287,0.0424,0.416,0.313,0.12,0.601,122.881,1999,34,18212
220253,0,0.521,0.931,-2.526,0.0938,0.0653,0,0.219,0.428,108.946,2010,54,123161
283173,10,0.362,0.0592,-22.061,0.0388,0.981,0.923,0.0952,0.0583,99.331,2016,74,2898005
250000,18,0.357,0.57,-11.442,0.0374,0.276,0.809,0.165,0.501,81.467,2016,44,98561
215773,0,0.311,0.983,-1.719,0.0825,0.000171,0.121,0.0888,0.192,144.942,2010,54,123161
227826,13,0.575,0.728,-7.39,0.0262,0.429,0.922,0.0996,0.716,96.021,2015,38,36295
238732,0,0.385,0.422,-9.578,0.0361,0.88,0.0264,0.0959,0.467,126.999,2015,53,540626
305626,0,0.64,0.578,-9.165,0.0293,0.319,0.0264,0.159,0.804,96.087,2001,63,261659
411733,25,0.473,0.211,-18.648,0.0682,0.263,0.176,0.234,0.49,78.776,1959,35,114067
354706,16,0.435,0.463,-10.461,0.0308,0.557,0.772,0.366,0.324,75.655,1997,35,56427
268173,0,0.3,0.531,-4.635,0.0308,0.165,1.15e-05,0.121,0.355,133.217,2002,30,18693
237895,0,0.343,0.981,-2.92,0.393,0.00749,0.251,0.152,0.365,159.337,2014,27,31260
335533,1,0.336,0.329,-23.068,0.0647,0.96,0.845,0.674,0.589,84.459,1965,34,2830
507990,1,0.477,0.559,-12.193,0.0321,0.73,0.943,0.085,0.306,119.356,2019,5,620
129600,0,0.694,0.253,-15.719,0.0865,0.867,0.878,0.302,0.331,150.013,2018,13,602
523706,26,0.604,0.663,-9.555,0.0354,0.764,0.0043,0.117,0.76,103.314,2007,47,126668
312333,0,0.321,0.534,-8.247,0.0379,0.188,1.29e-05,0.215,0.285,121.259,2002,30,18693
315826,0,0.44,0.324,-19.316,0.0377,0.581,0.0469,0.142,0.68,119.78,1988,32,16985
131266,9,0.36,0.783,-9.809,0.0666,0.386,0.041,0.684,0.715,101.7,1988,53,540626
249560,29,0.454,0.228,-13.868,0.0394,0.235,0,0.0893,0.216,132.882,2009,62,482388
275786,0,0.38,0.929,-3.273,0.0789,0.00178,3.96e-06,0.167,0.534,138.004,2010,54,123161
91822,34,0.317,0.947,-9.437,0.197,0.157,0.722,0.238,0.194,114.438,2018,60,747307
174440,0,0.661,0.373,-11.563,0.0454,0.975,0.913,0.147,0.801,100.318,2002,53,540626
460493,0,0.552,0.527,-11.473,0.0345,0.379,0.857,0.103,0.59,100.381,2016,42,197324
344880,0,0.608,0.463,-5.566,0.0448,0.00665,0.209,0.22,0.592,96.238,2002,43,123572
204147,0,0.413,0.671,-9.184,0.159,0.121,0.398,0.578,0.366,171.99,2016,62,540941
225983,81,0.818,0.803,-4.282,0.0797,0.034,0,0.153,0.632,106.97,2016,89,45443239
282200,35,0.475,0.689,-9.351,0.054,0.532,0.00427,0.969,0.823,117.407,1988,53,540626
512106,21,0.505,0.268,-12.631,0.0422,0.878,0.0102,0.169,0.47,78.088,1957,49,416716
373000,0,0.552,0.15,-17.317,0.0413,0.869,0.242,0.0901,0.397,106.893,2010,35,8929
303200,16,0.154,0.544,-7.731,0.0421,0.00902,0.461,0.0692,0.139,86.988,2017,49,57563
121333,0,0.391,0.825,-4.408,0.0463,0.133,0.854,0.116,0.531,89.839,2010,0,1738944
395960,3,0.465,0.667,-8,0.0356,0.357,0.385,0.117,0.695,108.856,1999,34,18212
242253,0,0.367,0.538,-10.372,0.0439,0.636,0.0717,0.126,0.398,73.288,2015,24,1587
226909,0,0.76,0.57,-11.508,0.0988,0.179,0.000286,0.341,0.545,109.997,2018,43,58437
193447,26,0.566,0.487,-7.034,0.0452,0.447,0,0.0969,0.414,98.025,2019,31,35826
264520,1,0.769,0.824,-6.759,0.0385,0.0823,0.855,0.162,0.778,100.012,2019,9,1124
183373,29,0.23,0.969,-5.789,0.143,0.00225,0.026,0.106,0.324,141.606,2005,46,150901
223561,39,0.594,0.981,-4.107,0.274,0.0282,0.000357,0.184,0.397,145.986,2016,37,88698
135533,25,0.598,0.196,-10.367,0.0493,0.784,0,0.0772,0.442,66.604,1962,59,192779
275853,0,0.334,0.473,-7.187,0.0269,0.0132,6.79e-06,0.2,0.227,146.961,2010,0,1738944
231240,22,0.358,0.546,-9.383,0.0393,0.0622,0.753,0.109,0.0714,77.936,2017,49,57563
96000,21,0.251,0.332,-5.74,0.0355,0.261,0.483,0.104,0.0387,61.562,2016,37,88698
145465,20,0.171,0.334,-11.61,0.0336,0.856,0.00642,0.121,0.188,95.021,2016,37,88698
80406,0,0.667,0.289,-17.82,0.676,0.852,0,0.314,0.605,124.624,2015,35,9673
417306,33,0.502,0.288,-10.496,0.0482,0.933,0.525,0.274,0.387,61.399,1963,48,190095
330666,0,0.415,0.29,-11.483,0.0543,0.839,0.258,0.134,0.282,178.667,2007,42,3881
333318,0,0.596,0.216,-13.229,0.0278,0.918,5.28e-05,0.111,0.235,90.115,2018,0,108
332826,29,0.368,0.448,-13.123,0.0385,0.419,0,0.16,0.685,186.975,2018,65,1480095
83076,18,0.153,0.342,-22.799,0.047,0.786,0.765,0.104,0.325,135.414,2013,37,88698
298160,10,0.388,0.334,-19.711,0.0628,0.797,0.882,0.0815,0.949,121.092,1965,34,2830
140468,0,0.829,0.255,-14.979,0.246,0.931,0.583,0.0783,0.922,147.956,2018,13,602
276080,21,0.414,0.555,-12.115,0.0605,0.00689,0.000371,0.217,0.639,120.593,2018,65,1480095
273093,0,0.514,0.272,-10.111,0.0564,0.817,0.852,0.0992,0.36,152.449,2012,42,15947
289853,0,0.568,0.269,-13.426,0.0687,0.925,0.779,0.0786,0.279,83.066,2007,42,3881
269619,55,0.561,0.257,-7.844,0.0348,0.933,0,0.169,0.337,129.84,2019,60,1517418
263466,28,0.541,0.392,-13.363,0.111,0.179,0.0213,0.257,0.486,92.827,1959,35,114067
291999,14,0.398,0.559,-13.57,0.187,0.465,0.00126,0.105,0.289,100.505,1957,49,416716
729039,20,0.428,0.348,-12.476,0.101,0.951,0.0583,0.111,0.454,76.632,1957,49,416716
273053,5,0.437,0.329,-10.133,0.0322,0.918,0.57,0.104,0.289,79.641,2019,7,1717
368960,9,0.398,0.0282,-23.277,0.0438,0.992,0.921,0.0851,0.133,65.827,2016,74,2898005
174439,0,0.475,0.607,-7.838,0.0472,0.756,0.472,0.92,0.517,105.981,2015,53,540626
280506,14,0.431,0.65,-10.048,0.0411,0.162,0.57,0.182,0.451,116.448,1997,35,56427
240040,12,0.342,0.00275,-37.738,0.0462,0.993,0.913,0.0576,0.124,66.543,2016,74,2898005
316693,23,0.483,0.695,-9.939,0.0824,0.28,0.537,0.11,0.506,130.764,1997,35,56427
473600,20,0.496,0.532,-12.199,0.0534,0.765,0.16,0.129,0.677,113.167,1962,65,1480095
299360,0,0.415,0.675,-8.862,0.0948,0.142,0.65,0.16,0.524,147.769,2006,47,138549
238600,7,0.683,0.753,-9.765,0.0646,0.478,0.67,0.0707,0.545,145.008,2012,41,49926
183293,0,0.487,0.464,-8.537,0.0568,0.893,0.0117,0.114,0.658,174.597,2002,53,540626
466226,0,0.412,0.476,-7.971,0.0347,0.00822,0.0073,0.242,0.159,124.949,2007,47,144710
710093,4,0.287,0.143,-17.669,0.0422,0.993,0.912,0.135,0.0397,83.077,2012,51,313664
357560,0,0.718,0.651,-7.553,0.0415,0.256,1.47e-06,0.426,0.867,94.057,2002,43,123572
179559,0,0.383,0.42,-8.615,0.0388,0.734,0.523,0.0653,0.498,150.842,2015,53,540626
334973,0,0.496,0.536,-15.693,0.0393,0.00614,0.703,0.0613,0.418,110.892,1991,42,157593
688533,20,0.529,0.374,-13.653,0.112,0.363,0,0.328,0.596,130.761,2018,65,1480095
224337,0,0.273,0.286,-10.31,0.0291,0.579,0.279,0.0785,0.171,140.617,2017,0,3
271000,3,0.531,0.573,-4.634,0.264,0.249,0.407,0.174,0.601,108.059,2010,11,3063
452080,1,0.623,0.59,-8.153,0.0432,0.513,0.943,0.149,0.712,130.241,2015,26,2980
168386,0,0.333,0.597,-8.517,0.0823,0.772,0.457,0.945,0.578,166.693,2015,53,540626
229093,33,0.419,0.911,-7.726,0.0742,0.228,0.711,0.109,0.288,114.654,2010,57,714382
402687,0,0.258,0.969,-1.672,0.405,0.00347,4.29e-05,0.628,0.473,175.756,2014,27,31260
279080,0,0.364,0.528,-5.575,0.0299,0.447,4.41e-05,0.161,0.156,115.929,2009,65,1348978
542506,0,0.462,0.402,-12.987,0.0426,0.761,0.265,0.304,0.691,126.881,1993,0,44
437866,0,0.321,0.0783,-16.906,0.0336,0.973,0.306,0.0769,0.22,151.329,2019,7,1717
208196,50,0.246,0.21,-7.343,0.0369,0.817,4.27e-06,0.0945,0.307,124.37,2018,85,6547564
404680,23,0.472,0.608,-8.229,0.0516,0.475,0,0.0739,0.829,110.407,1963,48,190095
174504,23,0.459,0.775,-8.617,0.432,0.0954,0.0138,0.353,0.508,134.794,2019,40,73980
378066,11,0.556,0.119,-12.414,0.0448,0.925,0.906,0.173,0.295,117.685,2015,26,2980
337136,21,0.485,0.732,-8.993,0.0331,0.00111,0.791,0.808,0.304,134.93,2015,52,190966
307200,0,0.534,0.682,-6.902,0.0286,0.0164,7.63e-06,0.141,0.107,132.159,2001,63,261659
318920,0,0.518,0.377,-13.189,0.0381,0.654,0.467,0.278,0.392,105.479,2010,22,5145
273386,0,0.548,0.976,-0.167,0.106,0.0435,0.000779,0.219,0.262,174.003,2008,37,98895
523133,0,0.661,0.33,-12.619,0.0657,0.826,0.804,0.0709,0.542,129.947,1999,0,20
299093,0,0.713,0.451,-9.994,0.0507,0.769,0.699,0.038,0.764,91.629,1999,0,20
344133,0,0.624,0.752,-11.742,0.164,0.606,0.0838,0.148,0.37,125.221,1971,48,126012
395960,0,0.36,0.511,-10.302,0.0289,0.567,0.598,0.0859,0.413,96.856,2008,22,5145
181000,43,0.218,0.699,-9.869,0.0549,0.151,0.971,0.117,0.0392,112.937,1988,57,1258991
151613,32,0.25,0.956,-5.447,0.101,0.000245,0.0802,0.156,0.194,130.123,2005,46,150901
254840,41,0.466,0.698,-6.463,0.0891,0.361,0.0063,0.149,0.274,78.054,2010,57,714382
411306,22,0.481,0.422,-14.62,0.045,0.794,0.0351,0.339,0.446,117.835,1964,65,1480095
248026,1,0.534,0.554,-10.23,0.0537,0.718,0.588,0.148,0.744,125.475,2006,10,1884
210130,38,0.644,0.832,-7.656,0.0769,0.415,5.92e-05,0.257,0.324,91.523,2018,60,747307
199093,28,0.315,0.394,-10.149,0.0315,0.853,0.805,0.127,0.203,108.436,1988,53,540626
261000,72,0.438,0.94,-3.249,0.0452,8.74e-05,0.0777,0.3,0.421,100.99,2007,75,2681980
290746,31,0.265,0.953,-5.415,0.153,0.000327,0.157,0.852,0.303,124.789,2005,46,150901
407146,2,0.487,0.602,-10.067,0.0411,0.388,0.926,0.0968,0.759,134.017,2015,26,2980
110226,23,0.486,0.535,-6.961,0.0359,0.164,0.315,0.12,0.511,124.984,2000,47,285115
265853,16,0.192,0.501,-9.226,0.0528,0.1,0.888,0.118,0.0739,91.655,2017,49,57563
287946,0,0.407,0.963,-2.375,0.0859,0.0444,0,0.068,0.419,141.991,2010,54,123161
231146,20,0.728,0.656,-18.163,0.0557,0.447,0.859,0.0928,0.806,140.012,2016,44,98561
382760,0,0.454,0.248,-22.149,0.0329,0.586,0.191,0.162,0.557,107.348,1988,32,16985
159186,36,0.377,0.904,-3.679,0.0478,0.00117,1.9e-06,0.142,0.351,149.131,2009,62,482388
343666,19,0.421,0.322,-12.052,0.0334,0.718,6.32e-05,0.237,0.466,142.634,1962,65,1480095
237893,79,0.787,0.673,-4.583,0.159,0.264,3.35e-06,0.0904,0.779,110.962,2019,88,23879491
503066,33,0.346,0.131,-15.901,0.0322,0.939,0.884,0.0846,0.115,95.54,1999,0,1738944
355903,0,0.345,0.169,-12.305,0.0783,0.99,0.466,0.697,0.324,162.897,2015,35,9673
198414,0,0.531,0.34,-10.178,0.0313,0.3,1.39e-06,0.0699,0.236,117.081,2013,0,36
466640,4,0.644,0.257,-16.726,0.0703,0.868,0.898,0.134,0.391,62.449,2006,10,1884
156093,22,0.661,0.863,-8.758,0.0457,0.00159,0.861,0.145,0.282,128.089,2013,37,88698
228800,0,0.386,0.828,-7.847,0.111,0.161,0.000506,0.0998,0.36,187.087,2001,63,261659
245333,0,0.845,0.9,-5.678,0.252,0.000597,0.0187,0.143,0.483,135.064,2018,43,58437
292040,13,0.389,0.0158,-18.532,0.0426,0.987,0.922,0.232,0.15,119.189,2016,74,2898005
297553,27,0.602,0.893,-11.564,0.112,0.04,0.88,0.0946,0.253,164.933,2018,65,1009799
566120,3,0.603,0.0907,-16.8,0.0626,0.86,0.00102,0.154,0.342,67.235,2008,0,314
253333,17,0.283,0.74,-8.869,0.111,0.159,0.861,0.125,0.123,124.191,2017,49,57563
212240,34,0.355,0.941,-2.743,0.109,2.15e-05,0.523,0.366,0.519,159.988,2000,47,285115
824133,54,0.277,0.242,-18.442,0.0342,0.694,0.464,0.113,0.285,175.384,1961,65,1480095
358173,34,0.244,0.579,-8.192,0.0429,0.14,0.854,0.133,0.195,121.906,2017,49,57563
521266,18,0.338,0.44,-14.78,0.0423,0.237,0,0.355,0.707,61.897,2018,65,1480095
214893,0,0.441,0.676,-6.104,0.0257,0.127,0,0.724,0.469,88.739,2002,30,18693
542133,7,0.663,0.0946,-13.045,0.0456,0.952,0.909,0.136,0.168,65.527,2015,26,2980
302840,78,0.451,0.931,-3.871,0.0719,0.00076,0.0049,0.361,0.172,122.961,2007,75,2681980
212599,0,0.463,0.474,-8.95,0.0305,0.892,0.000972,0.233,0.679,136.69,2015,53,540626
191932,0,0.563,0.686,-7.93,0.355,0.859,0.0691,0.646,0.599,117.48,2015,53,540626
233480,0,0.621,0.813,-5.752,0.0375,0.42,0,0.301,0.792,118.178,2001,63,261659
301090,0,0.769,0.771,-9.087,0.0605,0.033,0.129,0.135,0.83,109.996,2017,0,1738944
438080,0,0.565,0.355,-13.778,0.0496,0.788,0.557,0.111,0.504,126.659,2008,0,1738944
485478,0,0.395,0.955,-2.734,0.297,0.00464,0,0.899,0.0687,105.11,2014,27,31260
528933,1,0.378,0.323,-12.34,0.0347,0.927,0.773,0.0683,0.129,107.459,1999,34,18212
445906,0,0.43,0.283,-15.638,0.034,0.408,0.908,0.117,0.358,127.119,2016,42,197324
211661,49,0.522,0.962,-4.814,0.0765,0.00388,0.0528,0.406,0.415,146.392,2018,60,747307
244826,0,0.296,0.822,-5.68,0.0749,0.00707,0.0584,0.147,0.405,160.511,2007,57,591926
147640,35,0.439,0.962,-3.329,0.0859,0.011,0.00238,0.35,0.54,80.537,2010,57,714382
589880,1,0.527,0.0996,-17.054,0.0754,0.831,0.743,0.0907,0.241,175.773,2008,22,5145
380344,29,0.749,0.649,-11.304,0.0507,0.14,0.877,0.201,0.244,137.371,2018,65,1009799
269746,0,0.509,0.751,-5.558,0.0342,0.159,0.0052,0.216,0.288,120.005,2007,47,144710
569986,0,0.295,0.748,-7.722,0.0441,0.0139,0.000366,0.646,0.337,164.952,2007,47,144710
291013,33,0.252,0.901,-7.17,0.129,0.00175,0.0383,0.256,0.204,147.466,2005,46,150901
194853,35,0.295,0.988,-2.613,0.319,3.61e-06,0.966,0.361,0.326,142.169,2000,47,285115
220920,21,0.7,0.794,-11.492,0.169,0.0646,0.89,0.177,0.417,174.946,2016,44,98561
273880,0,0.594,0.773,-8.802,0.0286,0.0227,0.00589,0.14,0.32,126.297,2005,63,261659
269000,0,0.261,0.882,-2.243,0.052,0.00104,0,0.199,0.424,141.011,2010,54,123161
327053,0,0.649,0.145,-14.921,0.0467,0.976,0.729,0.114,0.643,95.76,2014,21,1719
140991,0,0.319,0.471,-8.826,0.0399,0.857,0.928,0.729,0.414,116.551,2010,0,1738944
339933,0,0.387,0.986,-4.89,0.139,0.0197,0.0129,0.194,0.0858,132.357,2004,65,1735533
137306,0,0.393,0.204,-11.613,0.0328,0.992,0.227,0.221,0.196,118.885,2009,65,1348978
383360,16,0.458,0.685,-6.426,0.0304,0.247,0.000889,0.129,0.542,66.988,2015,38,36295
168679,0,0.353,0.361,-8.202,0.0307,0.905,0.16,0.146,0.366,113.803,2015,53,540626
254906,13,0.416,0.0156,-20.826,0.0481,0.993,0.877,0.104,0.198,66.019,2016,74,2898005
287840,33,0.484,0.151,-18.622,0.0378,0.88,0.178,0.115,0.399,94.587,1959,56,236687
32267,0,0.678,0.255,-21.982,0.454,0.802,0,0.335,0.26,94.567,2015,35,9673
64640,30,0.565,0.701,-18.465,0.109,0.052,0.823,0.414,0.138,93.245,1988,57,1258991
225440,2,0.312,0.398,-19.148,0.0578,0.952,0.867,0.202,0.785,78.425,1965,34,2830
643200,1,0.515,0.397,-11.308,0.0437,0.831,0.0524,0.273,0.58,132.548,2010,10,1412
234206,0,0.577,0.752,-7.854,0.0446,0.00248,0.0177,0.694,0.659,125.008,2013,0,36
392613,0,0.56,0.498,-9.306,0.0433,0.675,0.0501,0.0862,0.309,114.372,2008,22,5145
229640,77,0.763,0.803,-3.713,0.0351,0.0709,0.285,0.348,0.561,103.04,2007,75,2681980
395240,0,0.478,0.0649,-26.529,0.0317,0.898,0.703,0.0848,0.275,124.554,1988,32,16985
188399,0,0.401,0.42,-6.341,0.0287,0.95,0.484,0.143,0.446,81.272,2015,53,540626
231360,8,0.415,0.324,-13.636,0.041,0.991,0.919,0.113,0.612,112.492,2012,51,313664
315120,0,0.516,0.264,-13.219,0.0379,0.852,0.415,0.111,0.243,71.134,2007,42,3881
200715,0,0.366,0.942,-2.569,0.0632,0.0145,0.58,0.0697,0.519,92.868,2013,51,173496
164640,45,0.346,0.753,-4.606,0.273,0.0229,0.0641,0.3,0.184,79.275,2010,57,714382
214333,0,0.761,0.514,-10.652,0.175,0.414,0,0.218,0.728,91.518,2010,22,5145
451333,20,0.524,0.305,-16.051,0.0402,0.601,0.279,0.0946,0.191,91.061,1962,65,1480095
471826,22,0.437,0.333,-15.057,0.0402,0.86,0.00687,0.106,0.42,167.36,1957,49,416716
347026,0,0.616,0.297,-10.304,0.0391,0.782,0.0838,0.117,0.581,132.867,2008,22,5145
251886,0,0.387,0.58,-6.475,0.0429,0.736,0.000112,0.224,0.434,80.529,2018,0,108
231367,0,0.587,0.849,-5.993,0.0478,0.00168,0.602,0.0932,0.155,160.018,2016,62,540941
214000,0,0.285,0.87,-3.583,0.0471,0.0037,0,0.112,0.49,83.731,2010,54,123161
175148,0,0.548,0.602,-6.193,0.0945,0.751,0,0.721,0.809,101.128,2010,0,1738944
276986,8,0.365,0.283,-10.959,0.0352,0.857,0.316,0.0977,0.225,185.948,2019,36,11197
178106,0,0.462,0.552,-10.405,0.127,0.799,9.44e-05,0.341,0.831,178.357,2002,53,540626
562400,51,0.531,0.227,-13.827,0.0351,0.642,0.000157,0.117,0.231,136.526,1959,63,2347037
145381,34,0.484,0.929,-4.552,0.119,0.000912,0.0968,0.344,0.596,138.36,2018,60,747307
177783,0,0.61,0.914,-5.226,0.0336,0.00774,0.812,0.206,0.757,105,2018,13,602
283306,0,0.427,0.384,-7.295,0.0303,0.561,0,0.0791,0.156,117.06,2002,30,18693
442173,35,0.482,0.597,-9.069,0.0596,0.514,0,0.0609,0.749,120.081,1963,48,190095
273226,0,0.491,0.422,-13.11,0.036,0.709,0.000113,0.199,0.664,131.927,1959,35,34396
575000,2,0.486,0.552,-11.911,0.0626,0.268,0.673,0.394,0.342,139.732,1999,34,18212
173733,0,0.264,0.701,-5.174,0.0327,0.142,1.96e-06,0.109,0.297,103.302,2002,30,18693
167000,31,0.296,0.257,-13.959,0.0312,0.329,3.7e-05,0.0925,0.26,164.4,1961,65,1480095
180320,0,0.426,0.849,-5.148,0.0463,0.00499,0.109,0.0992,0.545,109.98,2018,0,23
95128,0,0.829,0.159,-16.749,0.0553,0.864,0.857,0.368,0.297,141.997,2018,13,602
410613,26,0.101,0.888,-3.687,0.0629,8.28e-06,0.198,0.137,0.406,159.808,2000,47,285115
501626,1,0.466,0.343,-9.946,0.0352,0.684,0.915,0.113,0.272,116.965,2003,26,2980
528946,0,0.535,0.801,-9.83,0.0529,0.0621,0.765,0.0848,0.805,110.457,2008,22,5145
261506,0,0.413,0.565,-7.2,0.0288,0.0359,0.768,0.139,0.341,123.044,2010,0,1738944
437853,15,0.428,0.558,-13.287,0.0901,0.35,0.000157,0.112,0.541,124.481,2018,65,1480095
487279,39,0.62,0.203,-15.599,0.0341,0.798,0.501,0.0649,0.27,116.8,1964,65,1480095
273450,0,0.421,0.992,-4.353,0.0512,1.92e-05,0.954,0.0745,0.147,120.27,2013,51,173496
249373,39,0.239,0.928,-4.707,0.0905,4.96e-05,0.0257,0.612,0.375,115.036,2005,46,150901
287940,0,0.262,0.871,-3.517,0.0534,0.0194,0.741,0.149,0.15,185.421,2013,51,173496
364040,0,0.485,0.398,-15.256,0.0453,0.499,0.115,0.308,0.51,141.565,2006,10,1884
421485,0,0.451,0.459,-13.209,0.0364,0.754,2.44e-05,0.0635,0.73,135.54,1991,10,1884
122222,11,0.797,0.908,-4.505,0.274,0.00487,0.0209,0.0632,0.81,162.007,2011,37,88698
150027,69,0.893,0.482,-4.779,0.0873,0.549,0.0164,0.0752,0.53,97.975,2018,85,6547564
419560,1,0.63,0.281,-15.608,0.0489,0.833,0.838,0.101,0.447,122.342,2006,10,1884
368000,0,0.54,0.101,-16.577,0.0387,0.925,0.644,0.38,0.385,96.619,2010,35,8929
178866,0,0.396,0.391,-7.891,0.0288,0.739,0.797,0.0531,0.349,94.496,2015,53,540626
283733,11,0.362,0.0194,-21.101,0.0499,0.994,0.89,0.14,0.183,79.009,2016,74,2898005
614946,28,0.568,0.686,-7.432,0.0393,0.794,0.00324,0.11,0.553,138.406,1999,47,126668
225866,0,0.512,0.663,-6.092,0.0245,0.417,2.23e-06,0.203,0.225,76.527,2009,65,1348978
187386,0,0.298,0.34,-9.42,0.0315,0.881,0.0015,0.14,0.375,83.113,2015,53,540626
107280,0,0.405,0.906,-3.929,0.091,0.175,0.000347,0.319,0.572,166.429,2010,0,1738944
323666,0,0.548,0.454,-14.142,0.0847,0.581,0.203,0.113,0.463,107.586,2015,24,1587
224346,47,0.383,0.883,-4.854,0.0978,0.0057,0.0216,0.21,0.392,123.9,2005,46,150901
420026,1,0.46,0.809,-7.256,0.0494,0.187,0.036,0.27,0.659,118.003,2008,22,5145
374840,0,0.533,0.166,-14.91,0.0426,0.811,0.0133,0.0926,0.423,76.573,1959,35,34396
242720,58,0.324,0.931,-6.803,0.0837,0.0155,0.0252,0.277,0.313,82.748,1988,57,1258991
179626,0,0.697,0.416,-12.195,0.0837,0.873,0.0402,0.0984,0.834,110.952,2002,53,540626
238800,30,0.287,0.0719,-21.391,0.0394,0.984,0.913,0.0891,0.0697,65.597,1973,39,44896
283439,0,0.431,0.491,-10.746,0.0562,0.441,0.000458,0.134,0.577,148.243,1960,65,1480095
482096,19,0.442,0.605,-5.521,0.0429,0.58,0,0.0772,0.396,113.288,2017,5,86
224720,5,0.484,0.827,-9.139,0.0716,0.0676,0.755,0.133,0.428,144.992,2012,41,49926
265506,24,0.505,0.509,-12.184,0.0329,0.268,9.73e-05,0.123,0.67,106.336,1988,53,540626
331213,0,0.494,0.709,-7.082,0.0542,0.191,0.859,0.101,0.393,135.257,2006,47,138549
309480,38,0.189,0.956,-3.005,0.172,3.75e-05,0.778,0.0983,0.311,140.123,2000,47,285115
2423120,0,0.297,0.752,-9.671,0.115,0.4,0.00217,0.254,0.312,112.595,1966,65,1480095
213612,0,0.361,0.425,-7.742,0.0315,0.675,0.659,0.0407,0.505,128.539,2015,53,540626
323693,0,0.298,0.464,-5.967,0.0301,0.116,0.000183,0.119,0.145,128.706,2002,30,18693
259346,47,0.552,0.299,-11.372,0.0315,0.485,0,0.113,0.0608,124.273,2009,62,482388
67853,15,0.399,0.097,-19.563,0.046,0.966,0.787,0.408,0.0498,80.444,2015,38,36295
1655613,0,0.581,0.289,-10.42,0.0457,0.92,0.647,0.0984,0.405,68.22,2008,0,314
249600,6,0.738,0.751,-6.92,0.094,0.00557,0.88,0.0926,0.156,149.988,2012,41,49926
741600,0,0.335,0.818,-5.673,0.181,0.0359,0.00275,0.08,0.574,174.854,2005,54,589172
102426,31,0.297,0.223,-11.315,0.0468,0.901,0,0.106,0.23,173.455,2009,62,482388
153692,0,0.595,0.149,-16.67,0.945,0.815,0,0.58,0.436,172.02,2010,0,1738944
138933,0,0.485,0.947,-4.003,0.0328,3.42e-05,0.755,0.318,0.848,92.404,2018,13,602
354909,0,0.297,0.12,-12.727,0.0345,0.842,0.000255,0.101,0.0824,141.915,2018,0,108
270226,0,0.574,0.34,-12.398,0.0435,0.806,0.472,0.278,0.306,117.692,2007,42,3881
170933,22,0.688,0.515,-11.88,0.083,0.0216,0.849,0.1,0.445,170.004,2016,44,98561
210053,65,0.853,0.871,-3.715,0.0851,0.0145,6.84e-05,0.198,0.863,124.021,2016,89,45443239
370160,27,0.477,0.665,-8.189,0.0464,0.599,0.0011,0.272,0.749,179.47,1999,47,126668
296853,0,0.273,0.713,-6.524,0.0336,0.681,0.0468,0.198,0.619,144.801,2010,0,1738944
461333,0,0.277,0.802,-7.025,0.0844,5.79e-05,0.732,0.179,0.0865,94.435,2005,54,589172
269635,0,0.304,0.288,-10.923,0.0343,0.709,0.0271,0.0937,0.337,91.074,1991,10,1884
360840,0,0.347,0.79,-6.021,0.0631,0.0442,0.0723,0.119,0.307,192.589,2007,57,591926
313826,29,0.38,0.768,-4.461,0.0398,0.000759,0.171,0.199,0.29,154.839,2000,47,285115
239533,20,0.552,0.26,-13.123,0.0654,0.683,1.52e-06,0.0911,0.518,92.151,1962,59,192779
350375,0,0.584,0.37,-8.262,0.0252,0.776,1.68e-05,0.128,0.285,95.028,2018,0,108
285693,0,0.374,0.978,-3.064,0.181,0.00406,0.00105,0.685,0.274,123.777,2005,54,589172
285973,3,0.415,0.98,-4.056,0.202,0.00211,0.00164,0.325,0.185,118.512,2004,65,1735533
236853,0,0.633,0.419,-13.395,0.173,0.825,0,0.159,0.716,95.322,2010,22,5145
351373,30,0.473,0.425,-13.029,0.0546,0.548,0.000134,0.126,0.359,125.523,1964,65,1480095
375779,0,0.766,0.925,-10.099,0.0436,0.0947,0.837,0.167,0.718,104.088,2017,0,1738944
288573,0,0.592,0.532,-11.854,0.0611,0.638,0.328,0.141,0.524,80.88,2008,0,1738944
315546,1,0.349,0.327,-19.202,0.0498,0.943,0.887,0.696,0.546,118.444,1965,34,2830
345173,39,0.54,0.4,-8.583,0.0575,0.81,0.331,0.0982,0.441,139.752,1959,44,188893
188360,21,0.488,0.296,-12.308,0.0401,0.863,0.897,0.221,0.357,79.345,1988,53,540626
205493,76,0.657,0.88,-3.672,0.102,0.121,0,0.463,0.769,150.084,2020,81,16148821
263859,0,0.552,0.408,-9.962,0.029,0.114,0.0182,0.105,0.237,112.093,2013,0,36
188999,0,0.48,0.362,-9.947,0.0303,0.961,0.451,0.257,0.393,62.173,2015,53,540626
142496,0,0.362,0.976,-5.123,0.117,5.17e-05,0.825,0.111,0.494,185.091,2018,13,602
192682,0,0.693,0.843,-6.679,0.218,0.0267,0.669,0.117,0.616,154.936,2016,62,540941
215933,47,0.544,0.758,-5.854,0.0319,0.0928,0.000232,0.113,0.537,141.804,2011,65,1348978
229678,68,0.497,0.431,-4.755,0.0287,0.66,0,0.153,0.167,133.675,2017,59,1060292
254173,19,0.451,0.787,-8.208,0.111,0.0102,0.87,0.17,0.198,79.957,2017,49,57563
145933,40,0.602,0.324,-11.427,0.0541,0.796,0,0.0597,0.539,105.839,1962,59,192779
12986,0,0,0.376,-10.043,0,0.245,0,0.204,0,0,2010,0,1738944
72626,37,0.423,0.708,-5.876,0.221,0.192,0.148,0.596,0.149,93.7,2010,57,714382
228716,0,0.494,0.31,-12.179,0.0303,0.68,0.872,0.696,0.199,116.677,2010,0,1738944
533306,10,0.415,0.879,-3.968,0.0702,0.03,0.824,0.18,0.5,95.784,2016,43,115778
376480,46,0.348,0.249,-10.782,0.0318,0.363,0.00164,0.11,0.06,113.379,1988,57,1258991
242133,0,0.507,0.899,-4.392,0.0344,4.88e-05,0.00574,0.162,0.534,122.143,2007,57,591926
346800,0,0.604,0.317,-12.642,0.0495,0.695,4.87e-05,0.0481,0.71,91.473,1959,35,34396
200917,38,0.312,0.878,-6.301,0.0475,0.589,0,0.892,0.349,82.632,2018,60,747307
396373,0,0.564,0.48,-7.508,0.0374,0.839,0.0412,0.245,0.404,124.168,2019,7,1717
230000,12,0.667,0.483,-12.973,0.0733,0.254,0.8,0.0606,0.468,143.98,2011,37,88698
114626,17,0.638,0.585,-8.999,0.0864,0.62,0.828,0.0644,0.966,177.935,2015,38,36295
299755,0,0.538,0.226,-13.279,0.0426,0.886,0.0864,0.0971,0.342,118.428,1991,10,1884
359640,18,0.551,0.327,-15.094,0.0308,0.631,0.112,0.0717,0.335,137.699,1964,65,1480095
318213,0,0.78,0.153,-18.789,0.0362,0.307,0.121,0.0966,0.336,101.981,2005,63,261659
361360,4,0.399,0.218,-14.395,0.0451,0.993,0.852,0.112,0.183,68.874,2012,51,313664
377706,46,0.456,0.205,-19.74,0.0452,0.952,0.889,0.101,0.31,111.5,1973,39,44896
454520,26,0.637,0.674,-8.968,0.0269,0.745,0.00128,0.381,0.798,108.141,1999,47,126668
425466,0,0.562,0.429,-12.9,0.0564,0.858,0.0782,0.0728,0.63,125.438,2010,10,1412
162762,0,0.2,0.675,-4.018,0.0624,0.0185,0.644,0.093,0.312,199.757,2013,51,173496
205735,0,0.314,0.955,-3.7,0.0574,5.07e-05,0.897,0.306,0.318,94.06,2013,51,173496
293795,0,0.466,0.916,-4.575,0.418,0.00542,0.000358,0.41,0.429,202.992,2014,27,31260
68000,3,0.187,0.586,-8.062,0.0642,0.713,0.732,0.203,0.134,80.206,2010,11,3063
317881,0,0.623,0.237,-12.9,0.398,0.619,0,0.11,0.412,65.69,2010,0,1738944
225692,24,0.548,0.394,-9.176,0.038,0.071,1.32e-05,0.325,0.322,129.952,2016,37,88698
197207,50,0.345,0.0718,-10.683,0.041,0.935,2.36e-05,0.123,0.103,115.119,2018,85,6547564
178106,0,0.459,0.972,-3.122,0.119,0.00194,0,0.151,0.33,126.122,2010,54,123161
216693,0,0.385,0.986,-1.168,0.0476,0.0582,0.901,0.322,0.192,173.99,2008,37,98895
290728,0,0.435,0.295,-12.926,0.0359,0.8,0.000614,0.0935,0.146,100.047,2018,0,108
450933,33,0.459,0.623,-8.286,0.0682,0.776,0.89,0.27,0.271,79.7,1959,44,188893
387368,0,0.816,0.53,-9.558,0.0615,0.0115,0.0293,0.0294,0.806,114.007,2017,0,1738944
294026,11,0.473,0.00874,-23.701,0.0524,0.995,0.886,0.13,0.313,80.349,2016,74,2898005
434000,5,0.424,0.355,-12.782,0.0334,0.97,0.586,0.103,0.361,120.517,2012,51,313664
527093,25,0.623,0.367,-10.81,0.0456,0.761,5.36e-06,0.1,0.571,82.833,1963,48,190095
214285,0,0.717,0.687,-9.787,0.0948,0.00274,0.0679,0.292,0.716,111.984,2018,43,58437
348466,0,0.505,0.487,-12.969,0.0545,0.709,0.669,0.111,0.799,151.012,2008,0,1738944
164200,0,0.588,0.643,-7.735,0.0545,0.735,4.95e-05,0.106,0.801,93.302,2002,53,540626
345200,0,0.253,0.972,-4.149,0.169,8.74e-05,0.872,0.214,0.102,93.771,2004,65,1735533
570720,54,0.612,0.493,-8.589,0.0467,0.804,0.266,0.202,0.484,126.358,1959,44,188893
234933,0,0.727,0.478,-4.198,0.0598,0.175,2.44e-06,0.053,0.561,99.986,2018,0,23
232600,0,0.347,0.741,-7.023,0.0755,0.00263,6.65e-06,0.12,0.466,171.23,2005,63,261659
228521,43,0.486,0.995,-3.611,0.0636,0.0533,0.000298,0.674,0.142,117.26,2018,60,747307
46285,21,0.401,0.415,-10.365,0.0347,0.448,0.932,0.271,0.179,131.402,2015,52,190966
139200,48,0.589,0.184,-12.282,0.049,0.631,0,0.0819,0.343,98.365,1962,59,192779
544293,0,0.403,0.746,-11.659,0.0362,0.208,0.893,0.0871,0.558,124.363,2016,42,197324
66035,0,0.379,0.816,-7.903,0.045,0.000302,0.985,0.114,0.744,100.58,2013,51,173496
284333,0,0.695,0.266,-12.921,0.074,0.903,0.834,0.131,0.553,76.718,1999,0,20
429560,2,0.426,0.529,-7.105,0.0361,0.912,0.59,0.113,0.397,84.873,2019,7,1717
213453,0,0.599,0.416,-10.47,0.0387,0.775,0.000996,0.0643,0.722,93.416,2007,42,3881
221564,0,0.469,0.492,-5.463,0.0688,0.73,0,0.181,0.397,88.887,2010,0,1738944
158750,25,0.399,0.793,-9.291,0.0764,0.103,0.83,0.358,0.144,123.764,2019,40,73980
255906,47,0.575,0.804,-3.933,0.0626,0.0826,0.000363,0.0681,0.399,122.08,2010,75,2681980
248320,11,0.494,0.217,-17.071,0.0625,0.891,0.699,0.097,0.699,90.437,1965,34,2830
133693,36,0.425,0.936,-2.545,0.376,0.00135,0.188,0.167,0.397,156.221,2010,57,714382
313600,5,0.425,0.719,-7.344,0.0874,0.542,0.893,0.12,0.354,95.042,1999,0,1738944
218626,32,0.438,0.969,-2.605,0.131,1.16e-05,0.4,0.229,0.527,100.002,2000,47,285115
329853,8,0.444,0.635,-6.885,0.0388,0.671,0.0311,0.113,0.3,80.875,2015,38,36295
303038,0,0.376,0.259,-9.709,0.031,0.922,0,0.221,0.197,140.579,2018,0,108
183755,0,0.467,0.803,-10.334,0.134,0.0114,0.317,0.148,0.562,149.19,2016,62,540941
176390,17,0.807,0.987,-4.801,0.114,0.0269,0.271,0.0869,0.709,133.039,2011,37,88698
179479,0,0.274,0.286,-8.934,0.0295,0.953,0.499,0.108,0.102,103.667,2015,53,540626
119075,0,0.734,0.666,-7.431,0.0283,0.0173,0.873,0.082,0.375,111.006,2018,13,602
74760,34,0.218,0.554,-7.744,0.0324,0.292,0.0526,0.133,0.131,62.156,2010,57,714382
228750,0,0.779,0.613,-8.983,0.0661,0.00917,0.0173,0.143,0.617,128.045,2018,43,58437
175462,36,0.678,0.839,-7.614,0.0376,0.000943,0.393,0.3,0.671,119.043,2015,52,190966
171786,0,0.508,0.841,-7.747,0.0847,0.0218,3.07e-05,0.169,0.738,163.952,2005,63,261659
290626,0,0.491,0.913,-3.048,0.0781,0.00597,0,0.119,0.247,127.939,2010,54,123161
503893,5,0.388,0.601,-10.221,0.0403,0.658,0.159,0.106,0.178,132.821,1999,34,18212
258800,2,0.558,0.219,-15.163,0.0415,0.911,0.829,0.117,0.437,123.959,2006,10,1884
288267,0,0.616,0.204,-14.497,0.0341,0.959,0.876,0.0828,0.275,124.989,1999,0,20
144541,54,0.802,0.448,-8.213,0.0998,0.324,0.00981,0.0692,0.218,124.891,2018,85,6547564
271733,21,0.519,0.508,-11.081,0.0351,0.663,8.35e-06,0.102,0.607,118.266,1962,59,192779
209647,0,0.465,0.946,-1.831,0.0369,0.131,0.000783,0.133,0.499,170.149,2018,0,23
678066,0,0.532,0.34,-13.491,0.036,0.556,0.0111,0.11,0.437,132.966,2010,35,8929
349550,0,0.359,0.343,-11.605,0.0391,0.899,0.808,0.143,0.278,83.088,2018,6,379
218266,56,0.293,0.0348,-23.92,0.0414,0.962,0.000212,0.105,0.101,130.959,1979,83,25512799
208125,12,0.709,0.864,-6.21,0.182,0.112,0.00104,0.109,0.587,128.036,2013,37,88698
247360,56,0.713,0.841,-4.067,0.0622,0.0859,0,0.0646,0.723,105.963,2020,81,16148821
111893,10,0.577,0.927,-5.033,0.267,0.0715,0.756,0.593,0.627,111.065,2010,11,3063
181986,0,0.491,0.909,-4.411,0.0409,0.219,0.000208,0.327,0.906,113.952,2010,0,1738944
253979,0,0.556,0.483,-8.657,0.0652,0.281,0.134,0.709,0.447,119.426,2010,0,1738944
203600,7,0.584,0.888,-9.411,0.0349,0.192,4.23e-05,0.0931,0.672,93.211,2001,63,261659
232986,0,0.547,0.874,-4.31,0.0416,0.000166,0.142,0.559,0.0717,125.938,2014,27,31260
212760,33,0.574,0.89,-5.173,0.0488,0.0158,2.87e-05,0.0868,0.576,133.055,2011,65,1348978
473009,0,0.674,0.824,-6.622,0.0303,0.049,0.00244,0.0872,0.865,102.692,2017,0,1738944
287507,0,0.575,0.226,-10.371,0.0342,0.861,0.909,0.274,0.192,85.782,1999,0,20
359706,14,0.324,0.661,-9.363,0.0538,0.644,0.00043,0.0691,0.454,79.089,1957,49,416716
295533,0,0.508,0.647,-6.278,0.0387,0.000252,0.00346,0.0983,0.166,123.919,2010,0,1738944
235916,0,0.767,0.783,-8.876,0.0325,0.00342,0.138,0.209,0.954,121.097,2017,0,1738944
373000,32,0.576,0.32,-16.74,0.0338,0.511,3.69e-05,0.253,0.466,97.637,1964,65,1480095
168750,0,0.634,0.794,-7.186,0.372,0.0104,0,0.154,0.703,127.97,2018,43,58437
586493,51,0.629,0.278,-12.229,0.0329,0.662,0.000229,0.106,0.503,128.453,1959,63,2347037
181874,0,0.244,0.474,-7.553,0.0287,0.00203,0.569,0.104,0.163,95.431,2017,0,3
91386,6,0.589,0.328,-11.175,0.0327,0.909,0.933,0.273,0.844,139.661,2010,11,3063
163773,45,0.572,0.756,-6.634,0.0287,0.0672,6.26e-05,0.383,0.727,108.014,2007,75,2681980
782013,0,0.261,0.905,-6.493,0.304,0.0042,0.118,0.244,0.0642,139.127,2005,54,589172
228853,0,0.349,0.171,-11.453,0.0324,0.822,0.00813,0.139,0.27,105.45,2007,47,144710
412706,0,0.458,0.69,-8.304,0.0447,0.281,0.91,0.101,0.429,104.213,2006,47,138549
279278,0,0.536,0.64,-9.136,0.0371,0.00209,0.779,0.0665,0.44,140.007,2013,0,36
266093,45,0.533,0.676,-6.469,0.065,0.0832,0.000224,0.122,0.377,76.444,2011,65,1348978
173333,0,0.47,0.409,-8.6,0.068,0.8,2.02e-06,0.115,0.807,176.997,2002,53,540626
304840,22,0.345,0.0711,-22.478,0.0426,0.984,0.896,0.112,0.0397,117.134,1973,39,44896
174933,0,0.484,0.701,-5.392,0.0348,0.064,1.61e-06,0.25,0.22,178.218,2009,65,1348978
232400,0,0.456,0.713,-7.534,0.0556,0.394,0.961,0.0772,0.506,142.872,2006,47,138549
197389,0,0.541,0.0431,-16.157,0.0493,0.948,4.77e-06,0.115,0.146,118.355,2018,0,108
193167,0,0.396,0.98,-4.319,0.0441,0.00161,0.0912,0.142,0.108,100.224,2013,51,173496
470666,22,0.555,0.228,-15.155,0.0348,0.641,0.0596,0.0594,0.275,110.501,1962,65,1480095
351813,1,0.668,0.335,-16.53,0.0526,0.883,0.789,0.121,0.62,99.03,2006,10,1884
188894,0,0.544,0.347,-9.934,0.0448,0.635,0.0899,0.892,0.303,112.441,2010,0,1738944
339026,0,0.516,0.404,-12.317,0.0335,0.587,0.000744,0.116,0.302,123.256,2004,32,78325
275640,0,0.663,0.995,-0.517,0.105,0.00163,0.446,0.0302,0.913,159.967,2008,37,98895
126019,0,0.192,0.595,-3.041,0.0586,8.44e-06,0.825,0.0891,0.52,184.081,2013,51,173496
252626,0,0.282,0.365,-10.856,0.0353,0.597,1.18e-06,0.355,0.148,175.801,2001,63,261659
378826,12,0.396,0.0254,-23.885,0.038,0.989,0.92,0.0738,0.109,134.563,2016,74,2898005
332041,0,0.528,0.939,-3.64,0.285,0.0203,4.02e-06,0.638,0.482,130.036,2014,27,31260
209680,13,0.762,0.666,-7.638,0.0399,0.525,0.17,0.865,0.762,95,2015,38,36295
254866,20,0.859,0.428,-15.894,0.11,0.284,0.874,0.0716,0.253,115.052,2016,44,98561
258360,0,0.355,0.584,-8.778,0.0352,0.0567,0.00843,0.299,0.21,94.491,2007,47,144710
400333,1,0.428,0.14,-16.586,0.04,0.924,0.6,0.108,0.244,83.745,2008,0,1738944
154826,26,0.641,0.132,-16.273,0.056,0.778,1.62e-06,0.23,0.379,62.627,1962,59,192779
233413,59,0.74,0.854,-2.209,0.0525,0.0783,0.000532,0.253,0.856,114.029,2022,68,2656743
256466,17,0.516,0.306,-15.786,0.0356,0.81,0.305,0.178,0.496,138.777,1959,56,236687
130413,30,0.15,0.773,-8.25,0.0774,0.054,0.272,0.141,0.0388,146.692,2010,57,714382
444040,0,0.53,0.364,-12.574,0.0507,0.805,0.448,0.0933,0.524,147.637,2008,0,1738944
237680,58,0.226,0.891,-5.531,0.0702,0.000631,9.75e-06,0.225,0.511,167.876,2005,46,150901
231199,0,0.348,0.344,-11.286,0.0337,0.969,0.0915,0.128,0.313,117.026,2015,53,540626
208308,0,0.821,0.809,-8.288,0.196,0.0274,0.128,0.307,0.285,101.016,2016,62,540941
486120,0,0.373,0.0439,-18.224,0.044,0.989,0.792,0.103,0.162,83.236,2014,21,1719
205893,34,0.457,0.874,-3.425,0.0273,0.0359,4.33e-05,0.321,0.559,81.943,2011,65,1348978
560533,0,0.517,0.344,-14.046,0.0424,0.748,0.4,0.172,0.439,62.415,1993,0,44
210146,0,0.395,0.421,-9.739,0.0386,0.939,0.207,0.311,0.355,128.693,2015,53,540626
479560,30,0.579,0.0955,-20.143,0.0456,0.94,0.00971,0.0978,0.241,110.179,1965,47,126668
177973,0,0.381,0.94,-2.155,0.0912,0.00419,4.11e-06,0.164,0.445,145.214,2010,54,123161
128573,2,0.508,0.622,-5.615,0.0469,0.494,0.832,0.0856,0.405,140.058,2010,11,3063
409173,25,0.531,0.498,-12.655,0.0818,0.784,0.00169,0.212,0.752,93.374,1965,47,126668
544826,33,0.607,0.063,-15.438,0.056,0.717,0.437,0.11,0.186,126.76,1959,35,114067
176156,42,0.703,0.974,-5.406,0.21,0.226,0,0.375,0.634,117.35,2018,60,747307
285033,1,0.46,0.562,-8.747,0.0389,0.757,0.328,0.0888,0.766,89.104,2018,6,379
220920,46,0.521,0.289,-16.915,0.0302,0.54,0.564,0.111,0.289,99.997,2016,44,98561
281533,2,0.352,0.639,-12.206,0.0432,0.41,0.0618,0.116,0.674,133.864,2015,24,1587
273760,0,0.668,0.391,-14.785,0.0633,0.7,0.824,0.0701,0.766,119.32,2008,38,62463
455546,15,0.492,0.921,-2.99,0.0806,0.0106,0.00113,0.0676,0.545,123.521,2016,43,115778
190344,28,0.604,0.558,-7.846,0.0322,0.00557,0.81,0.167,0.43,144.978,2015,52,190966
152840,34,0.511,0.841,-4.68,0.177,0.000969,0.936,0.201,0.343,154.063,2010,57,714382
251613,27,0.671,0.769,-9.139,0.035,0.0732,0.916,0.158,0.338,139.982,2012,41,49926
231201,0,0.512,0.407,-6.545,0.0567,0.86,0,0.717,0.332,108.992,2010,0,1738944
581866,20,0.343,0.391,-13.759,0.0394,0.535,0.00357,0.312,0.572,198.707,1961,65,1480095
277539,0,0.325,0.723,-5.556,0.0423,0.00473,0.602,0.164,0.167,97.105,2013,51,173496
336293,7,0.532,0.38,-15.154,0.0545,0.903,0.482,0.139,0.636,144.731,2004,51,113064
249760,0,0.552,0.382,-11.804,0.0423,0.722,0.528,0.0946,0.572,135.89,1993,0,44
481826,19,0.392,0.631,-13.587,0.0764,0.212,0.00174,0.247,0.559,134.606,2018,65,1480095
99178,0,0.585,0.272,-18.762,0.901,0.904,0,0.238,0.498,167.467,2015,35,9673
59114,0,0.514,0.587,-12.074,0.0457,2.37e-05,0.938,0.0911,0.919,97.027,2013,51,173496
403640,45,0.588,0.4,-11.914,0.036,0.851,0.352,0.11,0.468,113.615,1959,56,236687
148826,2,0.506,0.814,-6.271,0.172,0.335,0.568,0.13,0.345,125.034,2010,11,3063
275693,0,0.472,0.49,-7.974,0.0318,0.203,0.0282,0.158,0.408,79.698,2010,0,1738944
221014,48,0.572,0.401,-6.067,0.0255,0.543,0.000134,0.117,0.206,139.769,2019,60,1517418
195456,0,0.349,0.194,-13.116,0.0283,0.905,4.57e-06,0.0972,0.0751,145.024,2018,0,108
282160,30,0.549,0.739,-5.673,0.0424,0.000144,3.53e-05,0.0832,0.577,128.397,2009,62,482388
272200,0,0.362,0.359,-9.824,0.0281,0.877,0.216,0.215,0.153,150.182,2002,30,18693
353186,4,0.376,0.32,-17.683,0.0483,0.729,0.853,0.0889,0.916,128.614,1965,34,2830
273760,7,0.411,0.706,-7.948,0.0625,0.378,0.211,0.162,0.176,88.581,2015,38,36295
199640,10,0.57,0.419,-12.353,0.0519,0.696,0.00282,0.0746,0.639,127.789,1988,53,540626
134906,5,0.609,0.504,-11.298,0.0556,0.281,0.923,0.0824,0.919,165.028,2012,41,49926
262133,31,0.426,0.71,-6.752,0.0443,0.0564,0.000596,0.0799,0.346,140.105,2011,65,1348978
390306,0,0.775,0.711,-11.719,0.0704,0.148,0.804,0.0757,0.907,106.547,2010,22,5145
250542,0,0.552,0.703,-7.867,0.065,0.055,0.729,0.118,0.363,182.999,2016,62,540941
489306,5,0.586,0.441,-9.726,0.072,0.7,0.909,0.311,0.685,106.275,2015,26,2980
184920,27,0.224,0.788,-6.387,0.0777,0.000284,0.792,0.337,0.402,91.737,2017,49,57563
282066,19,0.241,0.0261,-24.894,0.0469,0.992,0.901,0.0757,0.0388,67.786,1973,39,44896
174160,2,0.842,0.588,-4.532,0.368,0.166,0.624,0.088,0.592,130.077,2010,11,3063
211000,7,0.826,0.795,-4.859,0.0627,0.141,0.758,0.647,0.871,119.954,2010,11,3063
179879,0,0.273,0.344,-10.3,0.0312,0.778,0.0723,0.191,0.158,103.701,2015,53,540626
334782,19,0.21,0.571,-6.554,0.0398,0.373,0.756,0.0855,0.0844,138.042,2016,37,88698
425373,1,0.471,0.304,-12.957,0.0302,0.816,0.0685,0.0954,0.363,132.802,2003,26,2980
235000,16,0.248,0.672,-5.146,0.0344,0.168,0.117,0.245,0.768,102.953,2015,38,36295
429333,0,0.642,0.386,-9.7,0.0316,0.403,7.5e-05,0.671,0.363,119.906,2007,47,144710
63115,0,0.535,0.178,-21.891,0.357,0.874,0,0.35,0.258,80.696,2015,35,9673
529640,0,0.34,0.466,-12.709,0.0391,0.475,0.304,0.109,0.426,167.081,2010,22,5145
443960,1,0.614,0.379,-8.442,0.0339,0.607,0.0587,0.0803,0.377,121.094,2003,26,2980
203266,18,0.598,0.651,-14.316,0.0313,0.000235,0.528,0.0815,0.39,157.998,2016,44,98561
419680,16,0.402,0.278,-14.482,0.0445,0.993,0.927,0.103,0.246,87.111,2012,51,313664
245173,0,0.572,0.92,-6.738,0.0416,0.231,0.234,0.0983,0.684,112.067,2001,63,261659
248373,0,0.454,0.696,-9.288,0.0295,0.432,0.00858,0.218,0.413,171.838,2005,63,261659
269095,0,0.396,0.71,-6.907,0.204,0.00337,0.77,0.0698,0.128,196.246,2016,62,540941
408400,0,0.438,0.505,-11.954,0.0342,0.547,0.101,0.128,0.437,76.814,1993,0,44
300746,41,0.29,0.783,-7.152,0.0894,0.00796,0.0384,0.318,0.181,117.901,2005,46,150901
235285,21,0.629,0.83,-6.231,0.133,0.0175,0.337,0.0889,0.561,140.173,2011,37,88698
182657,63,0.707,0.36,-8.89,0.0499,0.737,6.97e-05,0.0977,0.358,80.055,2018,85,6547564
214950,42,0.561,0.963,-4.833,0.0529,0.157,0.209,0.0974,0.506,128.449,2018,60,747307
267280,0,0.46,0.608,-10.88,0.0341,0.535,0.0449,0.198,0.607,141.167,2007,42,3881
116173,0,0.509,0.0503,-24.104,0.0452,0.986,0.963,0.131,0.205,66.004,2018,60,91509
306413,26,0.468,0.712,-9.524,0.0325,0.763,0.903,0.91,0.37,108.709,2017,30,25392
233588,40,0.361,0.758,-5.52,0.0699,0.461,1.46e-05,0.934,0.0924,150.323,2018,60,747307
270801,0,0.459,0.224,-12.5,0.0405,0.967,0.868,0.124,0.221,102.872,2018,6,379
158893,28,0.369,0.252,-18.54,0.0378,0.976,0.89,0.113,0.381,115.665,1973,39,44896
341213,38,0.429,0.368,-14.071,0.0404,0.706,1.96e-06,0.294,0.596,111.348,2018,65,1480095
450946,7,0.483,0.513,-10.554,0.0355,0.84,0.302,0.0928,0.389,135.372,2004,51,113064
535573,2,0.619,0.326,-11.235,0.046,0.799,0.836,0.0371,0.446,129.939,2015,26,2980
227808,0,0.599,0.773,-4.274,0.165,0.00833,4.11e-05,0.32,0.724,123.96,2013,51,173496
410240,0,0.482,0.784,-11.241,0.0739,0.763,0.000781,0.166,0.749,133.434,2008,0,314
188826,0,0.629,0.665,-8.848,0.0352,0.0219,1.47e-05,0.264,0.408,134.031,2005,63,261659
237920,47,0.722,0.828,-3.227,0.19,0.0505,0,0.114,0.275,117.693,2010,57,714382
388874,0,0.512,0.504,-9.818,0.0373,0.663,0.418,0.111,0.603,171.309,2017,0,1738944
38133,0,0.172,0.134,-15.409,0.0354,0.933,0.969,0.19,0.0368,107.961,2007,47,144710
280226,0,0.422,0.506,-12.187,0.0498,0.728,6.24e-05,0.0945,0.699,160.672,1959,35,34396
488135,0,0.781,0.645,-12.479,0.0558,0.00551,0.617,0.194,0.741,117.987,2017,0,1738944
278958,0,0.386,0.362,-10.536,0.0293,0.881,0.762,0.265,0.317,81.158,2018,6,379
556226,32,0.525,0.586,-9.888,0.0441,0.456,0,0.226,0.583,96.835,2004,43,109328
318666,0,0.447,0.529,-8.216,0.0359,0.598,0.0176,0.142,0.833,129.407,2010,35,8929
442466,35,0.406,0.611,-10.415,0.0323,0.31,0.419,0.176,0.541,108.442,1997,35,56427
391586,17,0.439,0.522,-9.882,0.0427,0.757,0.0019,0.0891,0.526,174.665,2007,47,126668
277226,0,0.274,0.987,-3.23,0.195,0.000915,0.0162,0.342,0.0943,170.398,2004,65,1735533
300706,1,0.549,0.249,-13.624,0.0393,0.781,0.0428,0.17,0.437,135.287,2003,26,2980
203666,0,0.632,0.113,-10.091,0.0435,0.968,0.00353,0.11,0.473,62.8,2002,53,540626
206693,85,0.853,0.56,-4.961,0.0406,0.013,0,0.0944,0.86,134.066,2016,89,45443239
181360,33,0.578,0.136,-14.223,0.04,0.798,0,0.182,0.224,126.297,1962,59,192779
203285,32,0.668,0.546,-8.137,0.037,0.804,4.62e-06,0.11,0.528,80.99,2022,34,10593
390796,0,0.802,0.583,-9.909,0.0664,0.00716,0.322,0.0674,0.585,113.013,2017,0,1738944
576733,13,0.371,0.265,-20.754,0.032,0.885,0.802,0.107,0.403,151.29,1972,54,132833
201174,37,0.5,0.993,-3.59,0.233,0.00636,1.12e-05,0.05,0.154,117.835,2018,60,747307
239666,5,0.454,0.181,-19.302,0.0805,0.836,0.83,0.0887,0.501,121.346,1965,34,2830
253600,0,0.345,0.914,-4.726,0.0924,0.00952,0.000294,0.167,0.392,122.199,2007,57,591926
130344,0,0.439,0.458,-12.906,0.0418,0.573,0.909,0.0854,0.625,151.894,2018,13,602
341400,0,0.36,0.309,-20.971,0.0337,0.573,0.176,0.135,0.658,143.677,1988,32,16985
684296,0,0.407,0.211,-10.291,0.223,0.986,0.64,0.695,0.277,83.585,2015,35,9673
283200,38,0.487,0.787,-11.323,0.0945,0.761,0.871,0.109,0.424,74.916,2018,38,28487
220226,16,0.43,0.504,-12.695,0.0705,0.0324,0.00161,0.115,0.732,91.404,2018,65,1480095
233882,0,0.573,0.511,-8.172,0.0333,0.166,0.000283,0.108,0.463,123.007,2013,0,36
237186,0,0.466,0.542,-10.515,0.0374,0.725,8.68e-06,0.0577,0.636,169.31,2007,42,3881
423426,5,0.322,0.198,-17.794,0.0389,0.993,0.901,0.122,0.0484,88.255,2012,51,313664
287693,15,0.293,0.0252,-26.122,0.0369,0.986,0.901,0.0939,0.167,75.786,2016,74,2898005
269546,25,0.424,0.965,-3.178,0.0717,4.02e-06,0.927,0.374,0.436,115.058,2000,47,285115
350880,0,0.236,0.658,-6.059,0.0349,0.628,0.00927,0.276,0.106,106.223,2005,54,589172
208106,0,0.415,0.356,-9.862,0.0334,0.953,0.467,0.111,0.335,115.365,2015,53,540626
397777,0,0.881,0.604,-9.738,0.0595,0.0109,0.341,0.124,0.953,108.016,2017,0,1738944
445893,5,0.631,0.498,-9.344,0.0352,0.627,0.911,0.112,0.618,93.115,2015,26,2980
304453,27,0.595,0.503,-8.81,0.0426,0.834,0.00966,0.0785,0.74,133.568,2007,47,126668
359360,1,0.428,0.452,-10.312,0.047,0.541,0.601,0.124,0.525,79.968,2003,26,2980
410920,0,0.55,0.515,-9.812,0.0421,0.636,0.514,0.105,0.74,111.687,2010,35,8929
297813,0,0.299,0.838,-6.886,0.0574,0.0168,0.00407,0.121,0.28,119.986,2007,47,144710
157951,19,0.703,0.962,-4.797,0.148,0.00603,0.598,0.0408,0.966,166.027,2011,37,88698
258800,39,0.449,0.697,-9.96,0.0721,0.282,0.00599,0.284,0.799,151.486,1988,53,540626
194386,0,0.269,0.415,-7.689,0.0315,0.814,0.0212,0.299,0.523,85.239,2015,53,540626
222400,0,0.299,0.925,-5.914,0.139,0.00161,0.000211,0.133,0.426,184.219,2005,63,261659
337680,34,0.478,0.63,-5.269,0.0363,0.0102,0.00919,0.113,0.215,138.924,2009,62,482388
179360,0,0.516,0.755,-5.926,0.03,0.0245,1.18e-05,0.784,0.66,159.995,2009,65,1348978
481360,5,0.378,0.406,-12.503,0.0329,0.448,0.934,0.141,0.593,151.898,1999,0,1738944
247426,0,0.573,0.434,-11.607,0.0565,0.458,0.785,0.217,0.536,79.935,2010,22,5145
219626,5,0.572,0.902,-6.791,0.0861,0.00167,0.825,0.117,0.492,164.977,2012,41,49926
349533,0,0.529,0.354,-15.427,0.0546,0.473,0.00371,0.144,0.443,111.434,1960,65,1480095
211452,0,0.299,0.404,-7.433,0.03,0.768,0.535,0.0776,0.257,87.654,2015,53,540626
381914,0,0.42,0.192,-15.323,0.0413,0.966,0.878,0.101,0.132,79.393,2018,6,379
583706,1,0.599,0.385,-11.928,0.0693,0.708,0.922,0.0947,0.133,96.234,1999,34,18212
334640,0,0.537,0.157,-13.81,0.0377,0.84,0.00644,0.0941,0.355,88.317,1959,35,34396
162376,64,0.794,0.534,-6.47,0.131,0.885,5.18e-05,0.314,0.547,91.871,2018,85,6547564
193960,0,0.518,0.876,-5.689,0.0816,0.594,0.0163,0.111,0.693,150.843,2009,65,1348978
355533,0,0.231,0.44,-16.609,0.0408,0.0106,0.121,0.0947,0.195,180.681,1991,42,157593
168893,31,0.196,0.891,-5.37,0.0767,0.0134,0.681,0.205,0.196,89.129,2017,49,57563
239293,0,0.489,0.995,-4.365,0.0745,0.00135,0.000562,0.337,0.168,99.305,2004,65,1735533
388946,18,0.171,0.918,-4.059,0.0583,8.6e-06,0.0612,0.0938,0.208,74.669,2000,47,285115
103880,0,0.494,0.839,-4.458,0.127,0.299,0,0.467,0.668,133.481,2010,0,1738944
417200,4,0.334,0.192,-14.055,0.0427,0.763,0.87,0.104,0.206,200.804,1999,0,1738944
294986,12,0.338,0.116,-16.771,0.0495,0.993,0.899,0.105,0.202,168.932,2016,74,2898005
257462,27,0.496,0.8,-7.411,0.0319,0.00376,0.941,0.798,0.519,125.783,2016,19,6340
400106,0,0.254,0.963,-4.089,0.197,0.000133,0.331,0.898,0.144,129.137,2005,54,589172
299720,0,0.539,0.0948,-18.427,0.0513,0.987,0.878,0.121,0.677,131.08,2014,21,1719
387626,0,0.409,0.242,-19.849,0.0346,0.903,0.684,0.316,0.214,100.701,2015,24,1587
478266,1,0.472,0.132,-14.304,0.0348,0.969,0.865,0.0989,0.367,79.939,2010,10,1412
477733,0,0.41,0.426,-13.603,0.0356,0.692,0.648,0.134,0.593,132.089,1993,0,44
271280,32,0.354,0.477,-7.89,0.0303,0.568,0.911,0.196,0.0508,77.97,2010,75,2681980
211040,32,0.272,0.322,-12.189,0.0307,0.85,0.87,0.354,0.238,84.395,1988,53,540626
175254,51,0.439,0.31,-8.118,0.0416,0.727,1.25e-06,0.112,0.372,103.993,2018,85,6547564
330866,0,0.201,0.544,-5.616,0.0342,0.134,0.000408,0.0948,0.113,138.11,2002,30,18693
334746,0,0.535,0.51,-9.217,0.0387,0.185,0.476,0.229,0.357,115.949,2008,22,5145
294733,0,0.601,0.992,-2.743,0.182,0.0236,0.27,0.0392,0.608,157.562,2008,37,98895
162461,54,0.612,0.938,-7.253,0.0562,2.51e-05,0.717,0.329,0.595,129.994,2015,52,190966
579264,0,0.455,0.171,-12.264,0.168,0.99,0.539,0.819,0.398,93.98,2015,35,9673
304457,0,0.487,0.25,-12.383,0.0382,0.855,0.456,0.12,0.207,118.01,1991,10,1884
153994,0,0.536,0.409,-9.366,0.0367,0.648,0.915,0.701,0.524,109.429,2010,0,1738944
156000,1,0.58,0.926,-5.133,0.191,0.27,0.0187,0.436,0.269,139.988,2010,11,3063
82200,26,0.81,0.512,-10.306,0.037,0.0619,0.798,0.116,0.328,99.999,2015,52,190966
230400,17,0.736,0.715,-6.646,0.0481,0.0435,0.893,0.18,0.683,109.95,2017,49,57563
195965,0,0.621,0.814,-5.937,0.154,0.0405,0.00274,0.263,0.304,160.066,2016,62,540941
188824,0,0.485,0.92,-4.118,0.415,0.147,0,0.194,0.448,127.809,2014,27,31260
216999,0,0.51,0.408,-12.271,0.0693,0.0627,0.823,0.275,0.156,136.366,2016,62,540941
338106,0,0.281,0.939,-4.067,0.127,4.58e-05,0.00525,0.0815,0.592,138.454,2010,54,123161
282412,11,0.197,0.435,-4.2,0.0347,0.459,0,0.138,0.117,56.371,2018,28,5807
345613,0,0.362,0.908,-4.792,0.125,0.0217,4.99e-05,0.579,0.564,126.905,2010,0,1738944
185160,35,0.506,0.972,-8.92,0.0641,0.0201,0.767,0.371,0.447,112.269,1988,57,1258991
332706,28,0.103,0.879,-3.092,0.0572,6.98e-06,0.41,0.118,0.305,157.29,2000,47,285115
152000,18,0.164,0.321,-15.289,0.049,0.000479,0.757,0.302,0.0347,102.447,2015,52,190966
228466,0,0.14,0.983,-3.277,0.312,0.00801,0.281,0.653,0.117,181.874,2005,54,589172
409853,21,0.602,0.631,-10.14,0.0387,0.666,0.91,0.971,0.674,95.428,2017,30,25392
240253,41,0.512,0.978,-4.02,0.0963,0.0832,0.0445,0.37,0.494,140.022,2007,75,2681980
335240,0,0.452,0.648,-6.781,0.0318,0.75,0.252,0.173,0.579,116.22,2019,7,1717
304413,0,0.495,0.324,-12.865,0.0494,0.844,0.244,0.0934,0.377,158.459,2007,42,3881
697946,22,0.364,0.541,-10.379,0.0545,0.497,0.0827,0.119,0.322,80.339,1961,65,1480095
567026,0,0.375,0.348,-13.099,0.0362,0.763,0.39,0.106,0.287,58.217,1993,0,44
314600,12,0.211,0.00215,-36.189,0.0618,0.988,0.925,0.0547,0.119,68.65,2016,74,2898005
432680,3,0.304,0.434,-20.535,0.051,0.954,0.886,0.766,0.439,131.283,1965,34,2830
209852,0,0.39,0.913,-2.702,0.0556,0.0432,0.656,0.496,0.542,150.266,2013,51,173496
191946,0,0.599,0.688,-6.873,0.0539,0.485,0.071,0.12,0.684,77.62,2009,65,1348978
277773,0,0.684,0.598,-12.726,0.0614,0.534,0.744,0.144,0.886,101.931,2010,22,5145
283600,0,0.483,0.436,-12.45,0.0446,0.754,0.0147,0.163,0.314,124.107,2015,24,1587
452146,0,0.361,0.574,-12.243,0.0728,0.198,0.894,0.0839,0.689,63.419,2016,42,197324
44812,0,0.385,0.387,-9.816,0.034,0.962,0.0322,0.187,0.688,81.198,2015,53,540626
197480,0,0.639,0.589,-14.325,0.0263,0.67,0.317,0.155,0.422,115.008,2005,63,261659
291266,0,0.482,0.763,-7.582,0.0438,0.00568,0.0547,0.163,0.358,128.36,2007,57,591926
340746,10,0.506,0.569,-10.998,0.0424,0.746,0.000287,0.237,0.481,128.231,2004,51,113064
298640,0,0.475,0.851,-5.498,0.0376,0.00135,0.000909,0.298,0.381,116.372,2007,57,591926
368746,45,0.665,0.359,-8.887,0.0326,0.801,0.106,0.145,0.4,111.639,1959,44,188893
495373,45,0.528,0.583,-8.776,0.0643,0.592,0,0.305,0.671,96.284,1963,48,190095
385693,25,0.458,0.602,-8.409,0.0429,0.533,6.91e-06,0.0924,0.788,184.603,1999,47,126668
358868,0,0.357,0.567,-9.549,0.0381,0.644,0.456,0.23,0.448,78.438,2018,6,379
339160,30,0.521,0.471,-8.49,0.0504,0.587,0,0.301,0.723,165.215,1963,48,190095
185084,19,0.728,0.775,-7.696,0.0793,0.016,6.81e-06,0.699,0.489,117.93,2015,52,190966
69219,0,0.154,0.113,-19.121,0.0365,0.99,0.937,0.111,0.0657,105.631,2013,51,173496
340533,0,0.556,0.67,-8.042,0.0354,0.0342,0.0214,0.376,0.386,146.459,2007,57,591926
232493,0,0.239,0.96,-2.564,0.211,0.0464,1.5e-06,0.246,0.415,79.104,2010,54,123161
263800,0,0.556,0.405,-9.006,0.0391,0.689,0.605,0.0537,0.615,175.048,1999,0,20
176933,0,0.624,0.29,-12.828,0.0442,0.897,0.00089,0.103,0.626,137.708,2002,53,540626
130546,31,0.228,0.976,-5.218,0.213,0.000147,0.0445,0.103,0.465,147.153,2005,46,150901
225773,41,0.427,0.919,-4.121,0.0601,0.195,0.00368,0.0886,0.385,151.084,2011,65,1348978
202330,31,0.68,0.942,-2.688,0.0464,0.111,0,0.231,0.854,105.038,2017,39,240800
195000,0,0.401,0.864,-3.383,0.0968,0.00479,4.31e-06,0.267,0.741,144.627,2010,54,123161
312026,14,0.508,0.687,-8.667,0.0548,0.153,0.883,0.686,0.716,116.268,2017,30,25392
214153,0,0.722,0.869,-5.854,0.231,0.00368,0.622,0.129,0.798,129.975,2018,43,58437
402733,0,0.547,0.295,-8.663,0.0281,0.505,0.0241,0.098,0.0554,122.138,2002,30,18693
132640,36,0.256,0.958,-5.009,0.146,0.00598,0.000735,0.346,0.193,107.527,2005,46,150901
256750,28,0.397,0.755,-8.157,0.0668,0.0153,0.388,0.0552,0.676,131.997,2019,40,73980
182400,18,0.334,0.369,-12.852,0.0419,0.108,4.34e-06,0.272,0.336,122.058,1961,65,1480095
165453,4,0.329,0.959,-4.943,0.0457,0.000283,0.918,0.126,0.891,74.985,2012,41,49926
427973,1,0.418,0.158,-13.58,0.0374,0.986,0.914,0.148,0.282,118.593,2003,26,2980
405186,1,0.695,0.151,-14.354,0.0495,0.878,0.000505,0.114,0.439,95.856,2008,0,314
625293,49,0.473,0.67,-7.756,0.0353,0.446,3.15e-06,0.0957,0.808,152.484,1999,47,126668
